"questionGroup"	"questionID"	"columnName"	"columnNameLong"	"questionText"	"year"	"type"	"code"	"codeKey"	"N"	"missingValues"
"A-taustat"	NA	"id"	"id"	"Rivittäinen pseudo-id"	NA	"string"	NA	NA	NA	0
"A-taustat"	NA	"vuosi"	"kyselyVuosi"	"Vuosi jona kysely on tehty"	NA	"int"	NA	NA	"1997=2136,2000=2031,2003=2326,2006=2229,2009=2355,2012=1827,NA=0"	0
"A-taustat"	"b1"	"b1"	"sukupuoli"	"Sukupuoli"	"1997,2000,2003,2006,2009,2012"	"factor"	"1,2"	"1=mies,2=nainen"	"1=6421,2=6483,NA=0"	0
"A-taustat"	"b13mod"	"b13"	"yrityksenKoko"	"Montako henkilöä on työnantajasi / yrityksesi palveluksessa koko organisaatiossa tai yhtiössä? itsesi mukaan lukien kuuluuko työpaikkasi johonkin isompaan organisaatioon? Suomessa, ei ulkomailla, haastateltava mukaan lukien kunnan palveluksessa olevilla = kaikki kunnan työntekijät, varmista, että tulee koko kunta!"	"1997,2000,2003,2006,2009,2012"	"factor"	"1,2,3,4,5,6,7,8,9"	"3=alle 10,4=10-49,5=50-249,6=250 tai yli,8=EOS,9=EV"	"3=2716,4=1596,5=1705,6=6682,8=171,9=34,NA=0"	0
"A-taustat"	"b5"	"ammryh10"	"ammattiRyhma2010"	"Mikä on nykyinen ammattinne (Tilastokeskuksen ammattiluokitus 2010)"	"1997,2000,2003,2006,2009,2012"	"factor"	"1,2,3,4,5,6,7,8,9,0,X"	"1=Johtajat ja ylimmät virkamiehet,2=Erityisasiantuntijat,3=Asiantuntijat,4=Toimisto- ja asiakaspalvelutyöntekijät,5=Palvelu- ja myynti- ja hoitotyöntekijät,6=Maanviljelijät ja metsätyöntekijät ym.,7=Rakennus- ja korjaus- ja valmistustyöntekijät,8=Prosessi- ja kuljetustyöntekijät,9=Muut työntekijät,0=Sotilaat,X=Tuntematon"	"1=1047,2=2448,3=2192,4=885,5=2123,6=609,7=1626,8=1005,9=868,NA=101"	101
"A-taustat"	"b6mod"	"b6"	"ammattiAsema"	"Oletko / Olitko viimeisimmässä  työssäsi (päätyössäsi)"	"1997,2000,2003,2006,2009,2012"	"factor"	"1,2,8,9"	"1=palkansaaja,2=itsenäinen yrittäjä (YEL  yrittäjän eläkevakuutus) tai maatalousyrittäjä (MYEL maatalousyrittäjän eläkev.),8=EOS,9=EV"	"1=11103,2=1797,8=4,NA=0"	0
"A-taustat"	"ika"	"ika"	"ikaLuokka"	"Ikäluokka"	"1997,2000,2003,2006,2009,2012"	"ordinal"	"1,2,3,4"	"1=alle 35 vuotta,2=35-44,3=45-54,4=yli 55"	"1=2671,2=3669,3=4284,4=2280,NA=0"	0
"A-taustat"	"sosekonmod"	"sosekon"	"sosioekonominenAsema"	NA	"1997,2000,2003,2006,2009,2012"	"factor"	"2,3,4,5"	"2=maatalousyrittäjä tai yrittäjä,3=ylempi toimihenkilö,4=alempi toimihenkilö,5=työntekijä"	"2=1797,3=2967,4=4359,5=3720,NA=61"	61
"A-taustat"	"tol2008"	"tol2008"	"toimialaLuokitus"	"Tilastokeskuksen toimialaluokitus 2008"	"2000,2003,2006,2009,2012"	"factor"	"A,B,C,D,E,F,G,H,I,J,K,L,M,N,O,P,Q,R,S,T,U,X,Z"	"A=Maatalous ja metsätalous ja kalatalous (01-03),B=Kaivostoiminta ja louhinta (05-09),C=Teollisuus (10-33),D=Sähkö- ja kaasu- ja lämpöhuolto sekä jäähdytysliiketoiminta (35),E=Vesihuolto ja viemäri- ja jätevesihuolto sekä jätehuolto ja muu ympäristön puhtaanapito (36-39),F=Rakentaminen (41-43),G=Tukku- ja vähittäiskauppa ja moottoriajoneuvojen ja moottoripyörien korjaus (45-47),H=Kuljetus ja varastointi (49-53),I=Majoitus- ja ravitsemistoiminta (55-56),J=Informaatio ja viestintä (58-63),K=Rahoitus- ja vakuutustoiminta (64-66),L=Kiinteistöalan toiminta (68),M=Ammatillinen ja tieteellinen ja tekninen toiminta (69-75),N=Hallinto- ja tukipalvelutoiminta (77-82),O=Julkinen hallinto ja maanpuolustus sekä pakollinen sosiaalivakuutus (84),P=Koulutus (85),Q=Terveys- ja sosiaalipalvelut (86-88),R=Taiteet ja viihde ja virkistys (90-93),S=Muu palvelutoiminta (94-96),T=Kotitalouksien toiminta työnantajina sekä kotitalouksien eriyttämätön toiminta tavaroiden ja palvelujen tuottamiseksi omaan käyttöön (97-98),U=Kansainvälisten organisaatioiden ja toimielinten toiminta (99),X=Toimiala tuntematon (00),Z=NA"	"A=533,B,C=1942,D,E,L,S=571,F=680,G=1035,H=663,I=306,J=454,K=237,M=583,N=364,O=549,P=883,Q=1739,R=208,T=15,Z=2142,NA=0"	0
"B-tyo"	"b15mod"	"b15"	"viikkotyoAika"	"Mikä on viikkotyöaikasi päätyössäsi, kun ylitöitä ei lasketa mukaan? (jos yrittäjä / maatalousyrittäjä, koko keskimääräinen viikkotyöaika, opettajilla lasketaan opetustuntien lisäksi myös tehtävään olennaisesti kuuluva kotona tehtävä työ jos vaihtelee paljon, keskimääräinen viikkotyöaika viime kuussa)"	"1997,2000,2003,2006,2009,2012"	"factor"	"1-10,11-20,21-30,31-40,41-50,51-60,61 tai yli,888,999"	"1-10=1-10,11-20=11-20,21-30=21-30,31-40=31-40,41-50=41-50,51-60=51-60,61 tai yli=61 tai yli,888=EOS,999=EV"	"1-10=70,11-20=384,21-30=863,31-40=9796,41-50=839,51-60=347,61 tai yli=276,888=239,999=30,NA=60"	60
"B-tyo"	"b16b"	"b16sivu"	"sivutyoViime12kk"	"Oletko 12 kuukauden sisällä tehnyt palkallista sivutyötä? (sivutyö = on palkallista työtä eri työsuhteessa, voi olla yrittäjänäkin)"	"1997,2000,2003,2006"	"factor"	"1,2,8,9"	"1=ei,2=kyllä,8=EOS,9=EV"	"1=7755,2=964,8=2,9=1,NA=4182"	4182
"B-tyo"	"b16b_cd_mod"	"b16sivuj"	"sivutyoTunnitViime12kk"	"Kuinka monta tuntia palkallista sivutyötä keskimäärin kuukaudessa?"	"1997,2000,2003,2006"	"factor"	"1-10,11-20,21-30,31-40,41-50,51-60,61 tai yli,888,999"	"unit=Tuntia,888=EOS,999=EV"	"1-10=326,11-20=194,21-30=70,31-40=49,41-50=23,51-60=12,61 tai yli=65,NA=12165"	12165
"B-tyo"	"b16c1_ca_mod"	"b16c1_ca"	"ylityoTunnitViime12kk"	"Kuinka monta tuntia ylityötä keskimäärin kuukaudessa?"	"2000,2003,2006,2009,2012"	"factor"	"1-5,6-10,11-15,16-20,yli 20,888,999"	"1-5=1-5,6-10=6-10,11-15=11-15,16-20=16-20,yli 20=yli 20,888=EOS,999=EV,"	"11-15=276,1-5=934,16-20=439,6-10=894,888=45,yli 20=336,NA=9980"	9980
"B-tyo"	"b16c2_cc_mod"	"b16c2_cc"	"ylityoTunnitViime12kkPalkaton"	"Kuinka monta tuntia palkatonta ylityötä keskimäärin kuukaudessa"	"2000,2003,2006,2009,2012"	"factor"	"1-5,6-10,11-15,16-20,yli 20,888,999"	"1-5=1-5,6-10=6-10,11-15=11-15,16-20=16-20,yli 20=yli 20,888=EOS,999=EV,"	"11-15=97,1-5=293,16-20=138,6-10=272,888=47,999=12,yli 20=167,NA=11878"	11878
"B-tyo"	"b16ylii"	"b16ylii"	"ylityoKorvausKorvauksetta"	"Onko tekemäsi ylityö ollut korvauksetta?"	"2000,2003,2006,2009,2012"	"factor"	"1,2,8,9"	"1=ei,2=kyllä,8=EOS,9=EV"	"1=7457,2=1027,8=12,9=8,NA=4400"	4400
"B-tyo"	"b16yliv"	"b16yliv"	"ylityoKorvausVapaana"	"Onko tekemäsi ylityö korvattu vapaana?"	"2000,2003,2006,2009,2012"	"factor"	"1,2,8,9"	"1=ei,2=kyllä,8=EOS,9=EV"	"1=5477,2=3010,8=12,9=4,NA=4401"	4401
"B-tyo"	"b17"	"b17j"	"tyoaikaMuoto"	"Onko päätyösi työajaltaan"	"1997,2000,2003,2006,2009,2012"	"factor"	"1,2,3,4,5,9,88,99"	"1=säännöllinen päivätyö ? (pääosa 6-18 välillä),2=säännöllinen aamu- tai iltatyö (pääosin 6-14 tai alkaa ennen klo 6 tai pääosin välillä 18-23),3=vuorotyö tai periodi- tai jaksotyö,5=säännöllinen yötyö (pääosa 23-6),9=jokin muu,88=EOS,99=EV"	"1=9015,2=461,3=2221,5=92,9=726,88=2,NA=387"	387
"B-tyo"	"b17"	"b17ju"	"tyoaikaMuotoTarkka"	"Onko päätyösi työajaltaan"	"2009,2012"	"factor"	"1,2,3,4,5,6,7,8,9,88,99"	"1=säännöllinen päivätyö ? (pääosa 6-18 välillä),2=säännöllinen aamu- tai iltatyö (pääosin 6-14 tai alkaa ennen klo 6 tai pääosin välillä 18-23),3=vuorotyö tai periodi- tai jaksotyö,5=säännöllinen yötyö (pääosa 23-6),6=epäsäännöllinen tai täysin epäsäännöllinen,7=vapaat työajat tai valitsee itse,8=päivystys (kutsuttaessa koko 24h),9=jokin muu,88=EOS,99=EV"	"1=2873,2=336,3=703,5=24,6=76,7=37,8=48,9=17,NA=8790"	8790
"B-tyo"	"b17c_mod"	"b17c"	"yoTyoPerKK"	"Kuinka monena yönä keskimäärin työskentelet kuukaudessa"	"2000,2003,2006"	"factor"	"1,2,3,4,5,6,7,8,9 tai yli,88,99"	"1=1 yö,2=2 yötä,3=3 yötä,4=4 yötä,5=5 yötä,6=6 yötä,7=7 yötä,8=8 yötä,9 tai yli=9 yötä tai yli,88=EOS,99=EV"	"1=100,2=142,3=115,4=147,5=136,6=89,7=59,8=80,88=38,9 tai yli=205,NA=11793"	11793
"B-tyo"	"b17cx"	"b17cxj"	"yoTyoFreq"	"Sisältyykö päätyöhösi yötyötä vähintään 1 tunti 23-06 välisenä aikana"	"2003,2006,2009,2012"	"factor"	"1,2,3,8,9"	"1=vähintään kerran kuussa,2=harvemmin kuin kuukausittain,3=ei ollenkaan,8=EOS,9=EV"	"1=1610,2=819,3=7354,8=36,9=1,NA=3084"	3084
"B-tyo"	"b17d"	"b17d"	"viikonLoppuTyoPerKK"	"Kuinka monena viikonloppuna kuukaudessa yleensä työskentelet ? joko lauantaina, sunnuntaina tai molempina päivinä. Saman viikonlopun aikana 1 tai 2 päivää = 1 kerta"	"2000,2003,2006"	"int"	"8,9"	"unit=Viikonloppujen lukumäärä,8=EOS,9=EV"	"1=484,2=777,3=473,4=546,8=29,NA=10595"	10595
"B-tyo"	"b17dx"	"b17dxj"	"viikonLoppuTyoFreq"	"Sisältyykö työhösi viikonlopputyötä"	"2003,2006,2009,2012"	"factor"	"1,2,3,8,9"	"1=kuukausittain vähintään yhtenä lauantaina tai sunnuntaina tai molempina,2=harvemmin kuin kuukausittain,3=ei ollenkaan,8=EOS,9=EV"	"1=3408,2=1874,3=4494,8=43,9=1,NA=3084"	3084
"B-tyo"	"b19b_mod"	"b19b"	"yopymisetLkmPoissaKotoaKK"	"Kuinka monta yötä kuukaudessa joudut keskimäärin yöpymään työn takia poissa kotipaikkakunnalta?"	"1997,2000,2003,2006"	"factor"	"0-5,6-10,11-15,16 tai yli,88,99"	"0-5=0-5,6-10=6-10,11-15=11-15,16 tai yli=16 tai yli,88=EOS,99=EV,"	"0-5=1060,11-15=80,16 tai yli=108,6-10=206,88=46,99=1,NA=11403"	11403
"B-tyo"	"b21"	"b21"	"tyottomyydenTodennakoisyys"	"Kuinka todennäköisenä pidätte sitä, että joudutte työttömäksi tai lomautetuksi lähimmän vuoden aikana, kun vastausvaihtoehdot ovat (yrittäjillä konkurssi)"	"1997,2000,2003,2006,2009"	"ordinal"	"1,2,3,4,8,9"	"1=epätodennäköistä,2=mahdollista,3=melko varmaa,4=varmaa,8=EOS,9=EV"	"1=8772,2=1433,3=315,4=414,8=69,9=5,NA=1896"	1896
"B-tyo"	"b22"	"b22"	"tyoMuutoksetViime3v"	"Onko työpaikallasi viimeisen 3 vuoden aikana tapahtunut sellaisia muutoksia esimerkiksi tuotannossa, työmenetelmissä tai töiden järjestelyssä, jotka ovat muuttaneet sinun työtäsi, tehtäviäsi tai työmäärääsi"	"2006,2009,2012"	"factor"	"1,2,8,9"	"1=ei,2=kyllä,8=EOS,9=EV"	"1=2964,2=2437,8=58,9=4,NA=7441"	7441
"B-tyo"	"b24c"	"b24cu"	"etaTyo"	"Etätyöllä tarkoitetaan ansiotyötä, jota tehdään varsinaisen työpaikan ulkopuolella. Periaatteessa tätä työtä voidaan tehdä myös työnantajan tiloissa. Olennaista etätyölle ovat ajasta ja paikasta riippumattomat työjärjestelyt. Oletko viimeisen 12 kuukauden sisällä tehnyt etätyötä"	"2003,2006,2009,2012"	"factor"	"1,2,3,8,9"	"1=ei,2=kyllä,3=mahdollisesti,8=EOS,9=EV"	"1=919,2=120,3=5973,NA=5892"	5892
"B-tyo"	"b24d"	"b24d"	"etaTyoFreq"	"Oletko tehnyt etätyötä"	"2003,2006,2009,2012"	"factor"	"1,2,3,4,8,9"	"1=viikoittain,2=kuukausittain,3=harvemmin,4=epäsäännöllisesti,8=EOS,9=EV"	"1=410,2=209,3=99,4=196,8=3,NA=11987"	11987
"B-tyo"	"b25"	"b25"	"tyopaikanTaloustilanne"	"Onko työpaikkasi taloudellinen tilanne tällä hetkellä mielestäsi"	"2006,2009,2012"	"ordinal"	"1,2,3,4,8,9"	"1=täysin vakaa ja turvattu,2=jokseenkin vakaa ja turvattu,3=hieman epävarma,4=hyvin epävarma,8=EOS,9=EV"	"1=3076,2=2397,3=721,4=152,8=63,9=2,NA=6493"	6493
"B-tyo"	"b26"	"b26"	"tyoaikaJoustoFreq"	"Kuinka usein joudut työtehtävien tai esimiesten vaatimuksesta joustamaan työajoissa"	"2006,2009,2012"	"factor"	"1,2,3,4,5,8,9"	"1=päivittäin,2=viikottain,3=kuukausittain,4=harvemmin,5=ei koskaan,8=EOS,9=EV"	"1=323,2=1029,3=1189,4=1982,5=918,8=33,9=13,NA=7417"	7417
"C-fyysinen"	"e2"	"e2j"	"ergonomiaTilat"	"Ovatko tilat, joissa pääasiassa työskentelet, työn sujuvuuden kannalta toimivat ja käytännölliset"	"1997,2000,2003,2006,2009,2012"	"factor"	"1,2,3,8,9"	"1=ei,2=ei täysin,3=kyllä,8=EOS,9=EV"	"1=1098,2=3281,3=8445,8=28,9=1,NA=51"	51
"C-fyysinen"	"e3"	"e3"	"ergnomiaLaitteet"	"Ovatko työssä käyttämäsi koneet, laitteet tai muut työvälineet yleensä ottaen työhön tarkoituksenmukaiset sekä riittävät"	"1997,2000,2003,2006"	"factor"	"1,2,3,4,8,9"	"1=ei,2=ei täysin,3=kyllä,4=ei käytä koneita tai laitteita,8=EOS,9=EV"	"1=164,2=1166,3=7298,4=94,NA=4182"	4182
"C-fyysinen"	"f1"	"f1"	"työAsentoTyypillinen"	"Onko työsi luonteeltaan pääosin (tavanomainen työpäivä ja -tilanne)"	"1997,2000,2003,2006,2009,2012"	"factor"	"1,2,3,8,9"	"1=istumista,2=seisomista ja kävelyä,3=kävelyä ja seisomista ja istumista vaihtelevasti,8=EOS,9=EV"	"1=4086,2=4114,3=3824,8=1,NA=879"	879
"C-fyysinen"	"f10"	"f10"	"hankalatTyoasennotToistuvaKasiliike"	"Sisältyykö työhösi useita kertoja minuutissa samanlaisena toistuvia käden työliikkeitä? Näitä esiintyy muun muassa vaihe- ja kokoonpanotyössä, hinnoittelussa tai tavaroita liukuhihnalta siirrettäessä. Tässä kysymyksessä ei tarkoiteta näppäilyä kirjoitus- tai tietokoneella (yläraajan liikkeitä, hiiri käy, auton ratti ei käy)"	"1997,2000,2003,2006,2009,2012"	"factor"	"1,2,3,4,5,8,9"	"1=ei lainkaan,2=päivittäin vähintään 1-2 tuntia,3=alle tunti päivässä,4=lähes joka päivä,5=satunnaisesti,8=EOS,9=EV"	"1=7075,2=3193,3=422,4=581,5=725,8=26,9=3,NA=879"	879
"C-fyysinen"	"f10b"	"f10b"	"hankalatTyoasennotNiska"	"Sisältyykö työhösi niska hankalassa asennossa, kuten etu- tai takakenossa tai kiertyneenä työskentelyä"	"2000,2003,2006"	"factor"	"1,2,3,4,5,8,9"	"1=ei lainkaan,2=päivittäin vähintään 1-2 tuntia,3=alle tunti päivässä,4=lähes joka päivä,5=satunnaisesti,8=EOS,9=EV"	"1=3631,2=1207,3=319,4=407,5=1002,8=18,9=2,NA=6318"	6318
"C-fyysinen"	"f11_1"	"f11_1"	"itLaitteetTietokone"	"Käytätkö työssäsi säännöllisesti mikrotietokonetta, tietokonepäätettä tai kannettavaa tietokonetta"	"1997,2000,2003,2006,2009,2012"	"factor"	"1,2,8,9"	"1=ei,2=kyllä,8=EOS,9=EV"	"1=4318,2=8573,NA=13"	13
"C-fyysinen"	"f11_2"	"f11_2"	"itLaitteetTyostokone"	"Käytätkö työssäsi säännöllisesti ohjelmoitavaa työstökonetta"	"1997,2000,2003,2006,2009"	"factor"	"1,2,8,9"	"1=ei,2=kyllä,8=EOS,9=EV"	"1=10715,2=362,NA=1827"	1827
"C-fyysinen"	"f11_3"	"f11_3"	"itLaitteetMuut"	"Käytätkö työssäsi säännöllisesti jotain muuta atk-tekniikkaan perustuvaa laitetta, esimerkiksi ohjaus-, mittaus- tai valvontalaitetta"	"1997,2000,2003,2006,2009"	"factor"	"1,2,8,9"	"1=ei,2=kyllä,8=EOS,9=EV"	"1=9683,2=1388,8=2,9=1,NA=1830"	1830
"C-fyysinen"	"f11_4"	"f11_4"	"itLaitteetKassapaate"	"Käytätkö työssäsi säännöllisesti kassapäätettä"	"1997,2000,2003,2006,2009"	"factor"	"1,2,8,9"	"1=ei,2=kyllä,8=EOS,9=EV"	"1=6452,2=458,NA=5994"	5994
"C-fyysinen"	"f12"	"f12j"	"tietokoneKayttomaara"	"Käytätkö mikrotietokonetta, tietokonepäätettä tai kannettavaa tietokonetta päivittäin (jos päivittäin, kysy tuntitarkennus)"	"1997,2000,2003,2006,2009,2012"	"factor"	"1,2,3,4,5,6,8,9"	"1=alle tunnin,2=1-2 tuntia,3=3-4 tuntia,4=yli 4 tunti,5=lähes joka päivä,6=harvemmin,8=EOS,9=EV"	"1=3089,2=3273,3=1677,4=340,5=164,6=4318,8=27,9=3,NA=13"	13
"C-fyysinen"	"f14"	"f14"	"itOhjelmatOmaksuminen"	"Onko työkäytössäsi olevien tietokoneohjelmien omaksuminen ja käyttö mielestäsi (tarkoitetaan omaa kokemusta, ohjelmat, joita käyttää työssään, myös kassapääte-, työstökone-, metsäkone-, ajotietokone- ym ohjelmat)"	"1997,2000,2003,2006,2009"	"ordinal"	"1,2,3,4,8,9"	"1=helppoa,2=melko helppoa,3=melko vaikeaa,4=vaikeaa,8=EOS,9=EV"	"1=3185,2=3569,3=808,4=137,8=48,9=1,NA=5156"	5156
"C-fyysinen"	"f2"	"f2"	"fyysinenKuormitus"	"Onko / Oliko viimeisin työsi ruumiillisesti"	"1997,2000,2003,2006,2009,2012"	"ordinal"	"1,2,3,4,5,8,9"	"1=kevyttä,2=melko kevyttä,3=jonkin verran rasittavaa,4=melko rasittavaa,5=hyvin rasittavaa,8=EOS,9=EV"	"1=4211,2=2320,3=3087,4=2627,5=640,8=17,9=2,NA=0"	0
"C-fyysinen"	"f3b"	"f3b"	"nostaminenKannattelu"	"Sisältyykö työhösi nostamista tai kannattelua käsin, ilman apuvälineitä?"	"1997,2000,2003,2006,2009,2012"	"ordinal"	"1,2,3,4,5,6,8,9"	"1=ei lainkaan,2=satunnaisesti,3=viikottain,4=päivittäin,5=useita kertoja päivässä,6=useita kertoja tunnissa,8=EOS,9=EV"	"1=4703,2=1848,3=444,4=1826,5=1963,6=1233,8=6,9=1,NA=880"	880
"C-fyysinen"	"f4"	"f4j"	"nostaminenKilomaara"	"Painavatko taakat, joita tavallisesti kerrallaan käsittelet vain käsivoimin, ilman apuvälineitä"	"2003,2006,2009,2012"	"ordinal"	"0,1,2,3,8,9"	"0=ei käsittele,1=alle 5 kiloa,2=5-25 kiloa,3=yli 25 kiloa,8=EOS,9=EV"	"0=4703,1=885,2=2704,3=1036,8=56,9=1,NA=3519"	3519
"C-fyysinen"	"f6"	"f6"	"hankalatTyoasennotSelka"	"Sisältyykö työhösi kumarassa tai selkä muuten hankalassa asennossa työskentelyä"	"1997,2000,2003,2006,2009,2012"	"factor"	"1,2,3,4,5,8,9"	"1=ei lainkaan,2=päivittäin vähintään 1-2 tuntia,3=alle tunti päivässä,4=lähes joka päivä,5=satunnaisesti,8=EOS,9=EV"	"1=5435,2=2786,3=869,4=1013,5=1893,8=25,9=4,NA=879"	879
"C-fyysinen"	"f7"	"f7"	"hankalatTyoasennotKadetYliHartiatason"	"Sisältyykö työhösi työskentelyä toinen tai molemmat kädet hartiatason yläpuolella (kädet ylhäällä)"	"1997,2000,2003,2006,2009,2012"	"factor"	"1,2,3,4,5,8,9"	"1=ei lainkaan,2=päivittäin vähintään 1-2 tuntia,3=alle tunti päivässä,4=lähes joka päivä,5=satunnaisesti,8=EOS,9=EV"	"1=7121,2=1418,3=680,4=638,5=2139,8=16,9=3,NA=889"	889
"C-fyysinen"	"f8"	"f8"	"hankalatTyoasennotKyykky"	"Sisältyykö työhösi polvillaan tai kyykyssä työskentelyä?"	"1997,2000,2003,2006"	"factor"	"1,2,3,4,5,8,9"	"1=ei lainkaan,2=päivittäin vähintään 1-2 tuntia,3=alle tunti päivässä,4=lähes joka päivä,5=satunnaisesti,8=EOS,9=EV"	"1=5050,2=1048,3=644,4=530,5=1439,8=11,NA=4182"	4182
"C-fyysinen"	"f9"	"f9"	"hankalatTyoasennotKadetPuristusKierto"	"Sisältyykö työhösi voimaa vaativia käden puristus- tai kiertämisotteita, esimerkiksi ruuvaamista, leikkaamista, vääntämistä tai raskaiden tavaroiden siirtämistä käsivoimin"	"1997,2000,2003,2006,2009,2012"	"factor"	"1,2,3,4,5,8,9"	"1=ei lainkaan,2=päivittäin vähintään 1-2 tuntia,3=alle tunti päivässä,4=lähes joka päivä,5=satunnaisesti,8=EOS,9=EV"	"1=6967,2=1918,3=760,4=791,5=1577,8=10,9=2,NA=879"	879
"D-haitat"	"h1"	"h1"	"tyoMeluEsiintyvyys"	"Esiintyykö omassa työympäristössäsi tai työssäsi melua? Esiintyy myös, jos käyttää kuulosuojaimia, vaikkei silloin sitä kuulisikaan, haittaavuus: miten sen itse kokee tavallisessa tilanteessa (jos esiintyy, haittaako se sinua)"	"1997,2000,2003,2006,2009,2012"	"factor"	"1,2,3,4,5,8,9"	"1=ei tunnu,2=ei lainkaan,3=jonkin verran,4=melko paljon,5=hyvin paljon,8=EOS,9=EV"	"1=6116,2=2168,3=3409,4=931,5=262,8=14,9=4,NA=0"	0
"D-haitat"	"h10"	"h10"	"tyoHuonoValaistus"	"Esiintyykö omassa työympäristössäsi tai työssäsi riittämätöntä valaistusta tai häikäisyä"	"1997,2000,2003,2006,2009,2012"	"factor"	"1,2,3,4,5,8,9"	"1=ei esiinny,2=ei lainkaan,3=jonkin verran,4=melko paljon,5=hyvin paljon,8=EOS,9=EV"	"1=9338,2=383,3=1807,4=387,5=100,8=10,NA=879"	879
"D-haitat"	"h11"	"h11"	"tyoAltistusHomeetArvio"	"Esiintyykö omassa työympäristössäsi homeen tai maakellarin hajua, mikä usein tuntuu kosteusvaurioituneissa tiloissa tai homeisia materiaaleja käsiteltäessä (haittaako se sinua)"	"2006,2009,2012"	"factor"	"1,2,3,4,5,8,9"	"1=ei esiinny,2=ei lainkaan,3=jonkin verran,4=melko paljon,5=hyvin paljon,8=EOS,9=EV"	"1=5405,2=318,3=486,4=114,5=63,8=23,9=2,NA=6493"	6493
"D-haitat"	"h11"	"h11_vanha"	"tyoAltistusHomeet"	"Esiintyykö omassa työympäristössäsi homeen tai maakellarin hajua, mikä usein tuntuu kosteusvaurioituneissa tiloissa tai homeisia materiaaleja käsiteltäessä"	"1997,2000,2003,2006,2009"	"factor"	"1,2,8,9"	"1=ei,2=kyllä,8=EOS,9=EV"	"1=9622,2=1403,8=51,9=1,NA=1827"	1827
"D-haitat"	"h12"	"h12"	"tyoIlmanKuivuus"	"Seuraavaksi joitakin kysymyksiä työpaikkasi ilman laadusta. Tuntuuko työpaikallasi ilma kuivalta? (jos tuntuu haittaako se sinua)"	"2003,2006,2009"	"factor"	"1,2,3,4,5,8,9"	"1=ei tunnu,2=ei lainkaan,3=jonkin verran,4=melko paljon,5=hyvin paljon,8=EOS,9=EV"	"1=4322,2=562,3=1537,4=277,5=114,8=98,NA=5994"	5994
"D-haitat"	"h13"	"h13"	"tyoIlmanTunkkaisuus"	"Tuntuuko työpaikkasi ilma tunkkaiselta?"	"2003,2006,2009,2012"	"factor"	"1,2,3,4,5,8,9"	"1=ei tunnu,2=ei lainkaan,3=jonkin verran,4=melko paljon,5=hyvin paljon,8=EOS,9=EV"	"1=5215,2=496,3=1602,4=367,5=126,8=52,NA=5046"	5046
"D-haitat"	"h1t"	"h1t"	"tyoKovaMelu"	"Esiintyykö omassa työympäristössäsi koskaan niin kovaa melua, että tavallinen puhe ei kuuluisi metrin päästä (poislukien satunnainen esim. liikenteestä)"	"2003,2006,2009,2012"	"factor"	"1,2,8,9"	"1=ei,2=kyllä,8=EOS,9=EV"	"1=5538,2=2314,8=6,NA=5046"	5046
"D-haitat"	"h2"	"h2"	"tyoAltistusPoly"	"Esiintyykö omassa työympäristössäsi tai työssäsi pölyä (myös huonepöly kelpaa, jos vastaaja sitä itse tarjoaa)"	"1997,2000,2003,2006,2009,2012"	"factor"	"1,2,3,4,5,8,9"	"1=ei esiinny,2=ei lainkaan,3=jonkin verran,4=melko paljon,5=hyvin paljon,8=EOS,9=EV"	"1=6552,2=2003,3=3146,4=837,5=348,8=12,9=6,NA=0"	0
"D-haitat"	"h3"	"h3"	"tyoTarinaEsiintyvyys"	"Esiintyykö omassa työympäristössäsi tai työssäsi tärinää (jos esiintyy, haittaako se sinua)"	"1997,2000,2003,2006,2009,2012"	"factor"	"1,2,3,4,5,8,9"	"1=ei esiinny,2=ei lainkaan,3=jonkin verran,4=melko paljon,5=hyvin paljon,8=EOS,9=EV"	"1=9680,2=1103,3=999,4=192,5=41,8=10,NA=879"	879
"D-haitat"	"h4"	"h4"	"tyoKemikaalitLiuottimet"	"Esiintyykö omassa työympäristössäsi tai työssäsi liuotinaineita, kuten esimerkiksi tinneriä, polttoaineita, maalien liuotinaineita ?"	"1997,2000,2003,2006,2009,2012"	"factor"	"1,2,3,4,5,8,9"	"1=ei esiinny,2=ei lainkaan,3=jonkin verran,4=melko paljon,5=hyvin paljon,8=EOS,9=EV"	"1=9330,2=1482,3=965,4=158,5=66,8=17,9=7,NA=879"	879
"D-haitat"	"h5"	"h5"	"tyoKemikaalitPesuDesinfiointi"	"Esiintyykö omassa työympäristössäsi tai työssäsi voimakkaita pesu- tai desinfiointiaineita tai muita ihoa ärsyttäviä kemikaaleja ?(myös käsihuuhteet, esiintyykö omassa työympäristössäsi tai työssäsi)"	"1997,2000,2003,2006"	"factor"	"1,2,3,4,5,8,9"	"1=ei esiinny,2=ei lainkaan,3=jonkin verran,4=melko paljon,5=hyvin paljon,8=EOS,9=EV"	"1=6147,2=1315,3=1046,4=159,5=49,8=6,NA=4182"	4182
"D-haitat"	"h6"	"h6"	"tyoAltistusHitsausJuotos"	"Esiintyykö omassa työympäristössäsi tai työssäsi hitsaushuurua tai juotoskäryjä?"	"1997,2000,2003,2006"	"factor"	"1,2,3,4,5,8,9"	"1=ei esiinny,2=ei lainkaan,3=jonkin verran,4=melko paljon,5=hyvin paljon,8=EOS,9=EV"	"1=7440,2=644,3=504,4=100,5=32,8=2,NA=4182"	4182
"D-haitat"	"h7"	"h7"	"tyoAltistusKaasut"	"Esiintyykö omassa työympäristössäsi tai työssäsi kaasuja (esim. pakokaasuja)"	"1997,2000,2003,2006"	"factor"	"1,2,3,4,5,8,9"	"1=ei esiinny,2=ei lainkaan,3=jonkin verran,4=melko paljon,5=hyvin paljon,8=EOS,9=EV"	"1=7217,2=635,3=693,4=120,5=53,8=4,NA=4182"	4182
"D-haitat"	"h8"	"h8"	"altistusTupakansavu"	"Esiintyykö omassa työympäristössäsi muiden tupakoinnista johtuvaa tupakansavua"	"1997,2000,2003,2006,2009"	"factor"	"1,2,3,4,5,8,9"	"1=ei esiinny,2=ei lainkaan,3=jonkin verran,4=melko paljon,5=hyvin paljon,8=EOS,9=EV"	"1=9663,2=668,3=533,4=135,5=72,8=6,NA=1827"	1827
"D-haitat"	"h9a"	"h9a"	"tyoKylmyysVetoisuus"	"Esiintyykö omassa työympäristössäsi tai työssäsi kylmyyttä tai vetoa"	"2000,2003,2006,2009,2012"	"factor"	"1,2,3,4,5,8,9"	"1=ei esiinny,2=ei lainkaan,3=jonkin verran,4=melko paljon,5=hyvin paljon,8=EOS,9=EV"	"1=5258,2=1192,3=3145,4=853,5=306,8=11,9=3,NA=2136"	2136
"D-haitat"	"h9b"	"h9b"	"tyoKuumuus"	"Esiintyykö omassa työympäristössäsi tai työssäsi kuumuutta"	"2000,2003,2006"	"factor"	"1,2,3,4,5,8,9"	"1=ei esiinny,2=ei lainkaan,3=jonkin verran,4=melko paljon,5=hyvin paljon,8=EOS,9=EV"	"1=3847,2=538,3=1549,4=478,5=158,8=16,NA=6318"	6318
"D-haitat"	"s1"	"s1u"	"haitallistenKemikaalienKaytto"	"Käytätkö työssäsi terveydelle haitallisia tai vaarallisia kemikaaleja tai aineita? (Terveydelle vaarallinen kemikaali on aine, joka hengitettynä, iholle joutuneena tai nieltynä voi olla myrkyllinen, haitallinen, syövyttävä, ärsyttävä, syöpää aiheuttava, perimää vaurioittava tai lisääntymiseen vaikuttava, EI esim. kuuma vesi eikä pelkästään palo- tai räjähdysvaaralliset)"	"1997,2000,2003,2006,2009,2012"	"factor"	"1,2,8,9"	"1=ei,2=kyllä,8=EOS,9=EV"	"1=9827,2=3045,8=28,9=1,NA=3"	3
"D-haitat"	"s1c"	"s1c"	"kemikaalienVaroitusMerkinnat"	"Onko työssä käyttämiesi terveydelle haitallisten tai vaarallisten kemikaalien pakkauksissa varoitusmerkinnät"	"2000,2003,2006,2012"	"factor"	"1,2,3,8,9"	"1=kaikissa tuotteissa,2=osassa tuotteista,3=puuttuvat kaikista tuotteista,8=EOS,9=EV"	"1=1503,2=162,3=11,8=44,NA=11184"	11184
"D-haitat"	"s1d"	"s1d"	"kemikaalienKayttoturvaTiedotteet"	"Onko työpaikallanne saatavilla työssä käyttämiesi terveydelle haitallisten tai vaarallisten kemikaalien käyttöturvallisuustiedotteet"	"2000,2003,2006,2012"	"factor"	"1,2,3,8,9"	"1=kaikissa tuotteissa,2=osassa tuotteista,3=puuttuvat kaikista tuotteista,8=EOS,9=EV"	"1=1255,2=232,3=120,8=86,9=1,NA=11210"	11210
"E-koti"	"k10a"	"k10a"	"lahimmaisApu"	"Huolehditko työsi ulkopuolella toisesta henkilöstä, joka tarvitsee apua korkean iän, sairauden tai vamman vuoksi?"	"2003,2006,2009"	"factor"	"1,2,8,9"	"1=ei,2=kyllä,8=EOS,9=EV"	"1=5623,2=1280,8=4,9=3,NA=5994"	5994
"E-koti"	"k10b"	"k10"	"lahimmaisApuFreq"	"Kuinka usein huolehdit työsi ulkopuolella toisesta henkilöstä, joka tarvitsee apua korkean iän, sairauden tai vamman vuoksi?"	"2003,2006,2009,2012"	"factor"	"1,2,3,4,5,6,8,9"	"1=päivittäin,2=viikoittain,3=2-3 krt/kk,4=kerran kuussa,5=harvemmin,6=ei huolehdi,8=EOS,9=EV"	"1=254,2=702,3=302,4=159,5=100,6=6252,8=5,9=14,NA=5116"	5116
"E-koti"	"k3"	"k3"	"puolisoToissa"	"Onko puolisosi nykyisin ansiotyössä (avopuoliso, asuinkumppani)"	"2000,2003,2006,2009,2012"	"factor"	"1,2,8,9"	"1=ei,2=kyllä,8=EOS,9=ei vastausta"	"1=1523,2=6010,8=6,9=8,NA=5357"	5357
"E-koti"	"k4"	"k4"	"lastenHoidonJakautuminen"	"Kumpi teistä, sinä vai puolisosi, huolehtii enemmän lasten hoidosta, lasten kanssa leikkimisestä ja esimerkiksi hoitoon tai harrastuksiin kuljettamisesta"	"2000,2003,2006,2009,2012"	"factor"	"1,2,3,8,9"	"1=sinä enemmän,2=molemmat yhtä paljon,3=puolisosi enemmän,8=EOS,9=EV,"	"1=1016,2=1637,3=1157,8=45,9=12,NA=9037"	9037
"E-koti"	"k5"	"k5"	"kotitoidenJakautuminen"	"Kumpi teistä, sinä vai puolisosi, tekee enemmän muita kotitöitä, kuten kodin ja vaatteiden hoito, ostokset, ruuanvalmistus ja mahdolliset korjaus- tai pihatyöt?"	"2000,2003,2006,2009"	"factor"	"1,2,3,8,9"	"1=sinä enemmän,2=molemmat yhtä paljon,3=puolisosi enemmän,8=EOS,9=EV,"	"1=2063,2=2632,3=2191,8=8,9=4,NA=6006"	6006
"E-koti"	"k6"	"k6"	"elamanTIlanneYleinen"	"Millainen on ollut elämäntilanteesi työn ulkopuolella viimeisen puolen vuoden aikana? Onko se ollut"	"1997,2000,2003,2006,2009,2012"	"ordinal"	"1,2,3,4,5,8,9"	"1=helppo,2=melko helppo,3=melko raskas,4=raskas,5=äärimmäisen raskas,8=EOS,9=EV"	"1=3902,2=6320,3=2082,4=391,5=175,8=29,9=5,NA=0"	0
"E-koti"	"k7"	"k7"	"tyoKotiYhteensovitusTyo"	"Ihmiset joutuvat kotona ja työssä joskus vaikeasti yhteensovitettavien vaatimusten kohteeksi. Onko sinulla vaikeuksia keskittyä työhön kotiasioiden takia"	"1997,2000,2003,2006,2009,2012"	"ordinal"	"1,2,3,4,5,8,9"	"1=ei juuri koskaan,2=harvoin,3=silloin tällöin,4=melko usein,5=erittäin usein,8=EOS,9=EV"	"1=7762,2=3209,3=1656,4=205,5=51,8=17,9=4,NA=0"	0
"E-koti"	"k8"	"k8"	"tyoKotiYhteensovitusKoti"	"Kuinka usein tunnet laiminlyöväsi kotiasioita ansiotyön vuoksi"	"1997,2000,2003,2006,2009,2012"	"ordinal"	"1,2,3,4,5,8,9"	"1=ei juuri koskaan,2=harvoin,3=silloin tällöin,4=melko usein,5=erittäin usein,8=EOS,9=EV"	"1=4748,2=3095,3=3231,4=1363,5=396,8=15,9=5,NA=51"	51
"E-koti"	"k9"	"k9"	"ansiotyoIlmanPakkoa"	"Jos voittaisit tai perisit niin paljon rahaa, että voisit elää tekemättä ansiotyötä, niin mitä seuraavista tekisit"	"1997,2000,2003,2006,2009,2012"	"factor"	"1,2,3,4,5,8,9"	"1=jatkaisit työntekoa kuten ennenkin,2=vähentäisit työntekoa,3=lopettaisit kokonaan työnteon,4=vaihtaisit ammattia,5=aloittaisi opiskelun,8=EOS,9=EV"	"1=1936,2=5109,3=2858,4=1860,5=101,8=89,9=3,NA=948"	948
"F-terveys"	"n2j"	"n2j"	"vapaaAikaLiikuntaFreq"	"Harrastatko vapaa-ajalla kuntoilua, millä tarkoitetaan vähintään puolen tunnin yhtämittaista liikuntasuoritusta, jossa hengästyy ja hikoilee? Kuinka usein?"	"2000,2003,2006,2009,2012"	"ordinal"	"1,2,3,4,5,6,8,9"	"1=väh. 4krt/vk,2=3 krt/vk,3=2 krt/vk,4=1 krt/vk,5=1-3 krt/kk,6=alle 1 krt/kk,8=EOS,9=EV"	"1=2261,2=2117,3=1960,4=1313,5=418,6=1754,8=38,9=2,NA=3041"	3041
"F-terveys"	"n4"	"n4"	"tupakointi"	"Tupakoitko tai oletko aikaisemmin tupakoinut"	"2006,2009,2012"	"factor"	"1,2,3,4,5,6,8,9"	"1=ei ole koskaan tupakoinut,2=lopettanut yli 6 kk sitten,3=lopettanut alle 6 kk sitten epäsäännöllisen tupakoinnin,4=lopettanut alle 6 kk sitten päivittäisen tupakoinnin,5=tupakoi mutta ei päivittäin,6=tupakoi päivittäin,8=EOS,9=EV"	"1=2672,2=1248,3=64,4=104,5=205,6=1228,8=4,9=7,NA=7372"	7372
"F-terveys"	"n4"	"n4_vanha"	"tupakointiKarkea"	"Tupakoitko tai oletko aikaisemmin tupakoinut"	"1997,2000,2003,2006,2009,2012"	"factor"	"1,2,3,4,8,9"	"1=ei ole koskaan tupakoinut,2=tupakoi päivittäin (tai lopettanut päivittäisen tupakoinnin alle 6 kk sitten),3=tupakoi mutta ei päivittäin (tai lopettanut epäsäännöllisen tupakoinnin alle 6 kk sitten),4=on lopettanut tupakoinnin yli 6 kk sitten,8=EOS,9=EV"	"1=2871,2=537,3=2626,4=5979,8=5,9=7,NA=879"	879
"F-terveys"	"n5u1"	"n5u1"	"alkoholi"	"Kuinka usein käytät alkoholia"	"1997,2000,2003,2006,2009,2012"	"ordinal"	"1,2,3,4,5,8,9"	"1=ei koskaan,2=kuukausittain tai harvemmin,3=2-4 kertaa kuukaudessa,4=2-3 kertaa viikossa,5=4 kertaa viikossa tai useammin,8=EOS,9=EV"	"1=1015,2=4141,3=3990,4=2506,5=338,8=22,9=13,NA=879"	879
"F-terveys"	"n6bu"	"n6bu"	"alkoholiAnnosMaara"	"Kun käytät alkoholia, montako annosta tavallisimmin otat päivässä?  0.75 l pullo mietoa viiniä = 6, 0.3 l pullo III / siideriä = 1, lasi (12cl) mietoa viiniä = 1, 0.5 l tuoppi III = 1.5, pieni lasi (8cl) väkevää viiniä = 1, 0.5 l tuoppi A = 2, kori kaljaa = 24, 0.5 l pullo väkeviä = 13, ravintola-annos (4cl) väkeviä"	"2006,2009,2012"	"ordinal"	"1,2,3,4,5,6,8,9"	"1=vähemmän kuin 1 annos,2=1-2,3=3-4,4=5-6,5=7-9,6=10 tai enemmän,8=EOS,9=EV"	"1=141,2=1967,3=1274,4=725,5=315,6=458,8=63,9=5,NA=7956"	7956
"F-terveys"	"n6u"	"n6u"	"alkoholiVahintaan6AnnostaFreq"	"Kuinka usein juot kerrallaan vähintään 6 annosta"	"2006,2009,2012"	"ordinal"	"1,2,3,4,5,8,9"	"1=ei koskaan,2=harvemmin kuin kuukausittain,3=kuukausittain,4=viikoittain,5=lähes päivittäin,8=EOS,9=EV"	"1=1273,2=2003,3=1121,4=435,5=14,8=27,9=3,NA=8028"	8028
"F-terveys"	"n7"	"n7"	"ruokailuTyopaiva"	"Missä yleensä syöt työpäivän aikana (työssä ruokatauolla tai työaikana työpaikkaruokala myös, jos töissä esim. koulussa, päiväkodissa tai perhekodissa, ja syö lasten tai potilaiden kanssa ruokalassa)"	"1997,2000,2003,2006,2009,2012"	"factor"	"1,2,3,4,5,6,8,9"	"1=ei syö ollenkaan,2=kotona,3=ravintolassa tai baarissa,4=työpaikkaruokalassa,5=omia eväitä työpaikan taukotilassa tai muualla,6=muualla kuin edellä mainituissa paikoissa,8=EOS,9=EV"	"1=445,2=1769,3=1256,4=3628,5=4501,6=266,8=80,9=6,NA=953"	953
"F-terveys"	"n7a"	"n7a"	"tyopaikkaRuokala"	"Onko työpaikallasi tai työpaikkasi läheisyydessä työpaikkaruokalaa"	"2006,2009,2012"	"factor"	"1,2,8,9"	"1=ei,2=kyllä,8=EOS,9=EV"	"1=2083,2=1641,8=56,9=6,NA=9118"	9118
"F-terveys"	"n8a"	"n8luo"	"uniTyopaivanaLuokka"	"Kuinka monta tuntia nukut keskimäärin vuorokaudessa niinä viikonpäivinä, jotka ovat työpäiviäsi (laskien yhteen yö- ja päiväunet, viime aikoina, puolen tunnin tarkkuus riittää, tavanomainen pyöristys)"	"2006,2009,2012"	"factor"	"1,2,3,8,9"	"1=alle 6 tuntia,2=6.5-8.5 tuntia,3=9 tuntia tai enemmän,8=EOS,9=EV"	"1=1145,2=5028,3=214,8=3,9=1,NA=6513"	6513
"F-terveys"	"n8a_mod"	"n8ka"	"uniTyopaivana"	"Kuinka monta tuntia nukut keskimäärin vuorokaudessa niinä viikonpäivinä, jotka ovat työpäiviäsi (laskien yhteen yö- ja päiväunet, viime aikoina, puolen tunnin tarkkuus riittää, tavanomainen pyöristys)"	"2006,2009,2012"	"factor"	"alle 5,5,6,7,8,9,yli 9"	"unit=Tunteja"	"5=140,5.5=130,6=803,6.5=656,7=2051,7.5=784,8=1347,8.5=190,9=166,alle 5=72,yli 9=48,NA=6517"	6517
"F-terveys"	"t1"	"t1"	"pitkaAikaisSairaus"	"Onko sinulla jokin lääkärin toteama pitkäaikainen, vähintään 3 kuukautta kestävä sairaus tai vamma (kestävä tai kestänyt)"	"1997,2000,2003,2006,2009,2012"	"factor"	"1,2,8,9"	"1=ei,2=kyllä,8=EOS,9=EV"	"1=8102,2=4770,8=13,9=4,NA=15"	15
"F-terveys"	"t10"	"t10"	"terveysVerrattunaIkaisiin"	"Millainen on terveydentilasi ikäisiisi verrattuna"	"1997,2000,2003,2006,2009,2012"	"ordinal"	"1,2,3,4,5,8,9"	"1=erittäin hyvä,2=melko hyvä,3=keskinkertainen,4=melko huono,5=erittäin huono,8=EOS,9=EV"	"1=2621,2=5862,3=3080,4=298,5=22,8=57,9=7,NA=957"	957
"F-terveys"	"t11"	"t11"	"tyokykyArvio"	"Oletetaan, että työkykysi on parhaimmillaan saanut 10 pistettä. Minkä pistemäärän antaisit nykyiselle työkyvyllesi asteikolla 0-10? 0 tarkoittaa, ettet pystyisi nykyisin lainkaan työhön."	"1997,2000,2003,2006,2009,2012"	"ordinal"	"0-10,88,99"	"0-10=pisteet,88=EOS,99=EV"	"0=31,1=12,2=20,3=23,4=73,5=203,6=335,7=1573,8=4574,9=3938,10=2071,88=35,99=16,NA=0"	0
"F-terveys"	"t12"	"t12"	"tyokykyFyysinen"	"Onko nykyinen työkykysi viimeisimmän työsi ruumiillisten vaatimusten kannalta "	"1997,2000,2003,2006,2009,2012"	"ordinal"	"1,2,3,4,5,8,9"	"1=erittäin hyvä,2=melko hyvä,3=keskinkertainen,4=melko huono,5=erittäin huono,8=EOS,9=EV"	"1=4736,2=5932,3=1895,4=253,5=63,8=21,9=4,NA=0"	0
"F-terveys"	"t13"	"t13"	"tyokykyHenkinen"	"Onko nykyinen työkykysi viimeisimmän työsi henkisten vaatimusten kannalta "	"1997,2000,2003,2006,2009,2012"	"ordinal"	"1,2,3,4,5,8,9"	"1=erittäin hyvä,2=melko hyvä,3=keskinkertainen,4=melko huono,5=erittäin huono,8=EOS,9=EV"	"1=3933,2=6868,3=1831,4=217,5=28,8=24,9=3,NA=0"	0
"F-terveys"	"t14"	"t14"	"tyokykyElakkeeseenAsti"	"Uskotko, että terveytesi puolesta pystyt työskentelemään ammatissasi vanhuuseläkeikään saakka / pystyisit työskentelemään viimeisimmässä ammatissasi vanhuuseläkeikään saakka"	"1997,2000,2003,2006,2009,2012"	"ordinal"	"1,2,3,4,8,9"	"1=ei,2=todennäköisesti ei,3=todennäköisesti kyllä,4=kyllä,8=EOS,9=EV"	"1=1136,2=1604,3=4448,4=5459,8=234,9=6,NA=17"	17
"F-terveys"	"t15"	"t15"	"harkinnutVarhaiselaketta"	"Oletko ajatellut, että saattaisit terveydellisistä tai muista syistä lähteä eläkkeelle jo ennen vanhuuseläkeikää"	"2003,2006,2009,2012"	"factor"	"1,2,3,4,8,9"	"1=en ole ajatellut,2=olen ajatellut joskus,3=olen ajatellut usein,4=olen jo jättänyt eläkehakemuksen,8=EOS,9=EV"	"1=4326,2=3023,3=1223,4=96,8=64,9=5,NA=4167"	4167
"F-terveys"	"t15b_1"	"t15bj_1"	"tyoElamaJatkoYli63vTyoyhteiso"	"Mitkä asiat saisivat sinut jatkamaan työelämässä mukana oloa 63:n ikävuoden jälkeen (vaihtoehtovinkkejä EI SAA antaa vastaajalle, voi olla useampi vaihtoehto): hyvä ja kannustava työyhteisö (työkaverit ja työpaikan sosiaaliset suhteet, hyvä esimiestoiminta, työyhteisön ilmapiiri, työviihtyvyys)"	"2006,2009,2012"	"factor"	"1,2,8,9"	"1=ei,2=kyllä,8=EOS,9=EV"	"1=2788,2=861,NA=9255"	9255
"F-terveys"	"t15b_2"	"t15bj_2"	"tyoElamaJatkoYli63vTyoymparisto"	"Mitkä asiat saisivat sinut jatkamaan työelämässä mukana oloa 63:n ikävuoden jälkeen (vaihtoehtovinkkejä EI SAA antaa vastaajalle, voi olla useampi vaihtoehto): hyvä ja toimiva työympäristö"	"2006,2009,2012"	"factor"	"1,2,8,9"	"1=ei,2=kyllä,8=EOS,9=EV"	"1=2915,2=734,NA=9255"	9255
"F-terveys"	"t15b_3"	"t15bj_3"	"tyoElamaJatkoYli63vTalous"	"Mitkä asiat saisivat sinut jatkamaan työelämässä mukana oloa 63:n ikävuoden jälkeen (vaihtoehtovinkkejä EI SAA antaa vastaajalle, voi olla useampi vaihtoehto): taloudelliset tekijät (työeläkeen suurempi määrä, palkka, verotus)"	"2006,2009,2012"	"factor"	"1,2,8,9"	"1=ei,2=kyllä,8=EOS,9=EV"	"1=3046,2=603,NA=9255"	9255
"F-terveys"	"t15b_4"	"t15bj_4"	"tyoElamaJatkoYli63vTyosisalto"	"Mitkä asiat saisivat sinut jatkamaan työelämässä mukana oloa 63:n ikävuoden jälkeen (vaihtoehtovinkkejä EI SAA antaa vastaajalle, voi olla useampi vaihtoehto): mielekäs, mielenkiintoinen ja haastava työ (vaikutusmahdollisuudet, arvostus, elämänsisältö)"	"2006,2009,2012"	"factor"	"1,2,8,9"	"1=ei,2=kyllä,8=EOS,9=EV"	"1=3231,2=418,NA=9255"	9255
"F-terveys"	"t15b_5"	"t15bj_5"	"tyoElamaJatkoYli63vTyonKevennys"	"Mitkä asiat saisivat sinut jatkamaan työelämässä mukana oloa 63:n ikävuoden jälkeen (vaihtoehtovinkkejä EI SAA antaa vastaajalle, voi olla useampi vaihtoehto): työn keventäminen (työmäärän vähentäminen, ikääntymisen huomioiminen, työn ruumiillisen/henkisen kuormittavuuden vähentäminen"	"2006,2009,2012"	"factor"	"1,2,8,9"	"1=ei,2=kyllä,8=EOS,9=EV"	"1=3224,2=425,NA=9255"	9255
"F-terveys"	"t15b_6"	"t15bj_6"	"tyoElamaJatkoYli63vTyoaika"	"Mitkä asiat saisivat sinut jatkamaan työelämässä mukana oloa 63:n ikävuoden jälkeen (vaihtoehtovinkkejä EI SAA antaa vastaajalle, voi olla useampi vaihtoehto): työaika (joustavat työajat, osa-aikatyö, työajan lyhentäminen)"	"2006,2009,2012"	"factor"	"1,2,8,9"	"1=ei,2=kyllä,8=EOS,9=EV"	"1=3371,2=278,NA=9255"	9255
"F-terveys"	"t15b_7"	"t15bj_7"	"tyoElamaJatkoYli63vTerveys"	"Mitkä asiat saisivat sinut jatkamaan työelämässä mukana oloa 63:n ikävuoden jälkeen (vaihtoehtovinkkejä EI SAA antaa vastaajalle, voi olla useampi vaihtoehto): oma terveys"	"2006,2009,2012"	"factor"	"1,2,8,9"	"1=ei,2=kyllä,8=EOS,9=EV"	"1=3465,2=184,NA=9255"	9255
"F-terveys"	"t15b_8"	"t15bj_8"	"tyoElamaJatkoYli63vMuu"	"Mitkä asiat saisivat sinut jatkamaan työelämässä mukana oloa 63:n ikävuoden jälkeen (vaihtoehtovinkkejä EI SAA antaa vastaajalle, voi olla useampi vaihtoehto): muu"	"2006,2009,2012"	"factor"	"1,2,8,9"	"1=ei,2=kyllä,8=EOS,9=EV"	"1=3526,2=104,NA=9274"	9274
"F-terveys"	"t15b_9"	"t15bj_9"	"tyoElamaJatkoYli63vEimikaan"	"Mitkä asiat saisivat sinut jatkamaan työelämässä mukana oloa 63:n ikävuoden jälkeen (vaihtoehtovinkkejä EI SAA antaa vastaajalle, voi olla useampi vaihtoehto): ei mikään"	"2006,2009,2012"	"factor"	"1,2,8,9"	"1=ei,2=kyllä,8=EOS,9=EV"	"1=2385,2=1264,NA=9255"	9255
"F-terveys"	"t3"	"t3j"	"haittaakoPAikaisSairaus"	"Onko näistä lääkärin toteamista pitkäaikaissairauksista, vammoista tai vioista haittaa nykyisessä työssäsi?"	"1997,2000,2003,2006,2009,2012"	"factor"	"0,1,2,8,9"	"0=ei pitkäaikaissairautta,1=ei haittaa,2=kyllä haittaa,8=EOS,9=EV"	"0=8102,1=2930,2=1808,8=16,NA=48"	48
"F-terveys"	"t4a_10"	"t4ab3j_10"	"vaivaYleisetRanteet"	"Onko sinulla ollut viimeisen kuukauden aikana pitkäaikaisesti tai toistuvasti (Oireet voivat esiintyä työssä tai vapaa-aikana. )ranteiden tai sormien särkyä"	"1997,2000,2003,2006,2009,2012"	"factor"	"1,2,8,9"	"1=ei,2=kyllä,8=EOS,9=EV"	"1=10540,2=2357,8=4,9=3,NA=0"	0
"F-terveys"	"t4a_11"	"t4b4j_11"	"vaivaYleisetLantio"	"Onko sinulla ollut viimeisen kuukauden aikana pitkäaikaisesti tai toistuvasti (Oireet voivat esiintyä työssä tai vapaa-aikana.) lanne-ristiselän kipua"	"1997,2000,2003,2006,2009,2012"	"factor"	"1,2,8,9"	"1=ei,2=kyllä,8=EOS,9=EV"	"1=8911,2=3984,8=6,9=3,NA=0"	0
"F-terveys"	"t4a_12"	"t4b4j_12"	"vaivaYleisetLonkat"	"Onko sinulla ollut viimeisen kuukauden aikana pitkäaikaisesti tai toistuvasti (Oireet voivat esiintyä työssä tai vapaa-aikana.) kipua lonkissa tai jaloissa"	"1997,2000,2003,2006,2009,2012"	"factor"	"1,2,8,9"	"1=ei,2=kyllä,8=EOS,9=EV"	"1=9622,2=3275,8=4,9=3,NA=0"	0
"F-terveys"	"t4a_13"	"t4b5j_13"	"vaivaYleisetSilmat"	"Onko sinulla ollut viimeisen kuukauden aikana pitkäaikaisesti tai toistuvasti (Oireet voivat esiintyä työssä tai vapaa-aikana.) silmäoireita, kuten väsymistä, kutinaa tai kirvelyä"	"1997,2000,2003,2006,2009,2012"	"factor"	"1,2,8,9"	"1=ei,2=kyllä,8=EOS,9=EV"	"1=9512,2=3379,8=9,9=3,NA=1"	1
"F-terveys"	"t4a_4"	"t4a2j_4"	"vaivaYleisetRinta"	"Onko sinulla ollut viimeisen kuukauden aikana pitkäaikaisesti tai toistuvasti (Oireet voivat esiintyä työssä tai vapaa-aikana.) kipua, puristusta tai ahdistusta rinnassa"	"1997,2000,2003,2006,2009,2012"	"factor"	"1,2,8,9"	"1=ei,2=kyllä,8=EOS,9=EV"	"1=12132,2=765,8=4,9=3,NA=0"	0
"F-terveys"	"t4a_5"	"t4a2j_5"	"vaivaYleisetHengenahdistus"	"Onko sinulla ollut viimeisen kuukauden aikana pitkäaikaisesti tai toistuvasti (Oireet voivat esiintyä työssä tai vapaa-aikana.) hengenahdistusta tai yskää, johon on liittynyt hengityksen vinkumista (ei tavallista hengästymistä)"	"1997,2000,2003,2006,2009,2012"	"factor"	"1,2,8,9"	"1=ei,2=kyllä,8=EOS,9=EV"	"1=11761,2=1135,8=4,9=4,NA=0"	0
"F-terveys"	"t4a_8"	"t4ab3j_8"	"vaivaYleisetHartiat"	"Onko sinulla ollut viimeisen kuukauden aikana pitkäaikaisesti tai toistuvasti (Oireet voivat esiintyä työssä tai vapaa-aikana.) niska-hartiavaivoja"	"1997,2000,2003,2006,2009,2012"	"factor"	"1,2,8,9"	"1=ei,2=kyllä,8=EOS,9=EV"	"1=6207,2=6692,8=2,9=3,NA=0"	0
"F-terveys"	"t4a_9"	"t4ab3j_9"	"vaivaYleisetOlkapaat"	"Onko sinulla ollut viimeisen kuukauden aikana pitkäaikaisesti tai toistuvasti (Oireet voivat esiintyä työssä tai vapaa-aikana.) olkapäiden tai käsivarsien särkyä"	"1997,2000,2003,2006,2009,2012"	"factor"	"1,2,8,9"	"1=ei,2=kyllä,8=EOS,9=EV"	"1=8775,2=4120,8=5,9=4,NA=0"	0
"F-terveys"	"t5a_1"	"t5aj_1"	"vaivatHenkisetMasennus"	"Onko sinulla ollut viimeisen kuukauden aikana pitkäaikaisesti tai toistuvasti masentuneisuutta tai alakuloisuutta"	"1997,2000,2003,2006,2009,2012"	"factor"	"1,2,8,9"	"1=ei,2=kyllä,8=EOS,9=EV"	"1=11132,2=1744,8=24,9=4,NA=0"	0
"F-terveys"	"t5a_2"	"t5aj_2"	"vaivatHenkisetArtyneisyys"	"Onko sinulla ollut viimeisen kuukauden aikana pitkäaikaisesti tai toistuvasti ärtyisyyttä"	"1997,2000,2003,2006,2009,2012"	"factor"	"1,2,8,9"	"1=ei,2=kyllä,8=EOS,9=EV"	"1=9791,2=3093,8=16,9=4,NA=0"	0
"F-terveys"	"t5a_4"	"t5bj_4"	"vaivatHenkisetVoimattomuus"	"Onko sinulla ollut viimeisen kuukauden aikana pitkäaikaisesti tai toistuvasti voimattomuutta tai väsymystä"	"1997,2000,2003,2006,2009,2012"	"factor"	"1,2,8,9"	"1=ei,2=kyllä,8=EOS,9=EV"	"1=8326,2=4566,8=8,9=4,NA=0"	0
"F-terveys"	"t5a_6"	"t5bj_6"	"vaivatHenkisetUnivaikeudet"	"Onko sinulla ollut viimeisen kuukauden aikana pitkäaikaisesti tai toistuvasti unettomuutta tai nukahtamisvaikeuksia"	"1997,2000,2003,2006,2009,2012"	"factor"	"1,2,8,9"	"1=ei,2=kyllä,8=EOS,9=EV"	"1=10065,2=2823,8=12,9=4,NA=0"	0
"F-terveys"	"t5a_7"	"t5bj_7"	"vaivatHenkisetMuisti"	"Onko sinulla ollut viimeisen kuukauden aikana pitkäaikaisesti tai toistuvasti muistin tai keskittymiskyvyn heikkenemistä"	"1997,2000,2003,2006,2009,2012"	"factor"	"1,2,8,9"	"1=ei,2=kyllä,8=EOS,9=EV"	"1=10744,2=2116,8=41,9=3,NA=0"	0
"F-terveys"	"t5a_8"	"t5bj_8"	"vaivatHenkisetMielkiiPuute"	"Onko sinulla ollut viimeisen kuukauden aikana pitkäaikaisesti tai toistuvasti mielenkiinnon puutetta tai merkityksettömyyden tunnetta"	"1997,2000,2003,2006,2009,2012"	"factor"	"1,2,8,9"	"1=ei,2=kyllä,8=EOS,9=EV"	"1=3496,2=672,8=11,9=3,NA=8722"	8722
"F-terveys"	"t6"	"t6"	"tyostaJohtuvatVaivatViime6kk"	"Onko sinulla ollut viimeisen puolen vuoden aikana pitkään tai toistuvasti sellaisia henkisiä tai ruumiillisia vaivoja tai oireita, jotka mielestäsi aiheutuvat työstä tai joita työ pahentaa?"	"1997,2000,2003,2006,2009,2012"	"factor"	"1,2,8,9"	"1=ei,2=kyllä,8=EOS,9=EV"	"1=8924,2=3936,8=41,9=3,NA=0"	0
"F-terveys"	"t6j_1"	"t6j_1"	"tyostaJohtuvatVaivatPaansarky"	"Onko sinulla ollut viimeisen puolen vuoden aikana toistuvasti päänsärkyä"	"2006,2009,2012"	"factor"	"1,2,8,9"	"1=ei,2=kyllä,8=EOS,9=EV"	"1=4545,2=56,NA=8303"	8303
"F-terveys"	"t6j_10"	"t6j_10"	"tyostaJohtuvatVaivatRanneSormiSarky"	"Onko sinulla ollut viimeisen puolen vuoden aikana toistuvasti ranteiden tai sormien särkyä"	"2006,2009,2012"	"factor"	"1,2,8,9"	"1=ei,2=kyllä,8=EOS,9=EV"	"1=4396,2=225,NA=8283"	8283
"F-terveys"	"t6j_11"	"t6j_11"	"tyostaJohtuvatVaivatLanneRistiselka"	"Onko sinulla ollut viimeisen puolen vuoden aikana toistuvasti lanne-ristiselän kipua"	"2006,2009,2012"	"factor"	"1,2,8,9"	"1=ei,2=kyllä,8=EOS,9=EV"	"1=4147,2=544,NA=8213"	8213
"F-terveys"	"t6j_12"	"t6j_12"	"tyostaJohtuvatVaivatLonkatJalat"	"Onko sinulla ollut viimeisen puolen vuoden aikana toistuvasti kipua lonkissa tai jaloissa"	"2006,2009,2012"	"factor"	"1,2,8,9"	"1=ei,2=kyllä,8=EOS,9=EV"	"1=4325,2=302,NA=8277"	8277
"F-terveys"	"t6j_13"	"t6j_13"	"tyostaJohtuvatVaivatSilmaoireet"	"Onko sinulla ollut viimeisen puolen vuoden aikana toistuvasti silmäoireita, kuten väsymistä, kutinaa tai kirvelyä"	"2006,2009,2012"	"factor"	"1,2,8,9"	"1=ei,2=kyllä,8=EOS,9=EV"	"1=4518,2=75,NA=8311"	8311
"F-terveys"	"t6j_14"	"t6j_14"	"tyostaJohtuvatVaivatNena"	"Onko sinulla ollut viimeisen puolen vuoden aikana toistuvasti nenän tukkoisuutta, kutinaa tai nuhaa"	"2006,2009,2012"	"factor"	"1,2,8,9"	"1=ei,2=kyllä,8=EOS,9=EV"	"1=4561,2=36,NA=8307"	8307
"F-terveys"	"t6j_16"	"t6j_16"	"tyostaJohtuvatVaivatIhottumaKadet"	"Onko sinulla ollut viimeisen puolen vuoden aikana toistuvasti ihottumaa sormissa, käsissä, ranteissa tai kyynärvarsissa"	"2006,2009,2012"	"factor"	"1,2,8,9"	"1=ei,2=kyllä,8=EOS,9=EV"	"1=4551,2=35,NA=8318"	8318
"F-terveys"	"t6j_19"	"t6j_19"	"tyostaJohtuvatVaivatNivelsaryt"	"Onko sinulla ollut viimeisen puolen vuoden aikana toistuvasti nivelsärkyjä"	"2006,2009,2012"	"factor"	"1,2,8,9"	"1=ei,2=kyllä,8=EOS,9=EV"	"1=4562,2=40,NA=8302"	8302
"F-terveys"	"t6j_21"	"t6j_21"	"tyostaJohtuvatVaivatMasennus"	"Onko sinulla ollut viimeisen puolen vuoden aikana toistuvasti masentuneisuutta tai alakuloisuutta"	"2006,2009,2012"	"factor"	"1,2,8,9"	"1=ei,2=kyllä,8=EOS,9=EV"	"1=4482,2=117,NA=8305"	8305
"F-terveys"	"t6j_22"	"t6j_22"	"tyostaJohtuvatVaivatArtyneisyys"	"Onko sinulla ollut viimeisen puolen vuoden aikana toistuvasti ärtyisyyttä"	"2006,2009,2012"	"factor"	"1,2,8,9"	"1=ei,2=kyllä,8=EOS,9=EV"	"1=4509,2=76,NA=8319"	8319
"F-terveys"	"t6j_23"	"t6j_23"	"tyostaJohtuvatVaivatHermostus"	"Onko sinulla ollut viimeisen puolen vuoden aikana toistuvasti jännittyneisyyttä tai hermostuneisuutta"	"2006,2009,2012"	"factor"	"1,2,8,9"	"1=ei,2=kyllä,8=EOS,9=EV"	"1=4497,2=128,NA=8279"	8279
"F-terveys"	"t6j_24"	"t6j_24"	"tyostaJohtuvatVaivatVasymys"	"Onko sinulla ollut viimeisen puolen vuoden aikana toistuvasti voimattomuutta tai väsymystä"	"2006,2009,2012"	"factor"	"1,2,8,9"	"1=ei,2=kyllä,8=EOS,9=EV"	"1=4434,2=167,NA=8303"	8303
"F-terveys"	"t6j_25"	"t6j_25"	"tyostaJohtuvatVaivatYlirasittuminen"	"Onko sinulla ollut viimeisen puolen vuoden aikana toistuvasti ylirasittuneisuutta tai tunnetta siitä, että kaikki käy yli voimien"	"2006,2009,2012"	"factor"	"1,2,8,9"	"1=ei,2=kyllä,8=EOS,9=EV"	"1=4565,2=29,NA=8310"	8310
"F-terveys"	"t6j_26"	"t6j_26"	"tyostaJohtuvatVaivatUni"	"Onko sinulla ollut viimeisen puolen vuoden aikana toistuvasti unettomuutta tai nukahtamisvaikeuksia"	"2006,2009,2012"	"factor"	"1,2,8,9"	"1=ei,2=kyllä,8=EOS,9=EV"	"1=4399,2=201,NA=8304"	8304
"F-terveys"	"t6j_29"	"t6j_29"	"tyostaJohtuvatVaivatHaluttomuus"	"Onko sinulla ollut viimeisen puolen vuoden aikana toistuvasti mielenkiinnon puutetta tai haluttomuutta"	"2006,2009,2012"	"factor"	"1,2,8,9"	"1=ei,2=kyllä,8=EOS,9=EV"	"1=2293,2=64,NA=10547"	10547
"F-terveys"	"t6j_3"	"t6j_3"	"tyostaJohtuvatVaivatSydRytmihairio"	"Onko sinulla ollut viimeisen puolen vuoden aikana toistuvasti sydämen rytmihäiriöitä"	"2006,2009,2012"	"factor"	"1,2,8,9"	"1=ei,2=kyllä,8=EOS,9=EV"	"1=4556,2=30,NA=8318"	8318
"F-terveys"	"t6j_6"	"t6j_6"	"tyostaJohtuvatVaivatNarastys"	"Onko sinulla ollut viimeisen puolen vuoden aikana toistuvasti närästystä, happovaivoja, vatsakipuja tai ripulia"	"2006,2009,2012"	"factor"	"1,2,8,9"	"1=ei,2=kyllä,8=EOS,9=EV"	"1=4544,2=45,NA=8315"	8315
"F-terveys"	"t6j_8"	"t6j_8"	"tyostaJohtuvatVaivatNiska-hartiavaivat"	"Onko sinulla ollut viimeisen puolen vuoden aikana toistuvasti niska-hartiavaivoja"	"2006,2009,2012"	"factor"	"1,2,8,9"	"1=ei,2=kyllä,8=EOS,9=EV"	"1=3977,2=705,NA=8222"	8222
"F-terveys"	"t6j_9"	"t6j_9"	"tyostaJohtuvatVaivatOlkapaKasivarsiSarky"	"Onko sinulla ollut viimeisen puolen vuoden aikana toistuvasti olkapäiden tai käsivarsien särkyä"	"2006,2009,2012"	"factor"	"1,2,8,9"	"1=ei,2=kyllä,8=EOS,9=EV"	"1=4258,2=363,NA=8283"	8283
"F-terveys"	"t8"	"t8"	"tyoVaivatMuutokset"	"Onko työoloihisi tehty tai suunnitteilla jotain muutoksia työstä johtuvien vaivojen vuoksi"	"1997,2000,2003,2006,2009,2012"	"factor"	"1,2,3,8,9"	"1=ei ole tehty eikä suunnitteilla,2=ei ole vielä tehty mutta on suunnitteilla,3=kyllä on tehty,8=EOS,9=EV"	"1=3139,2=366,3=612,8=54,9=2,NA=8731"	8731
"F-terveys"	"t9mod"	"t9"	"sairausPoissaOlotViime6kk"	"Kuinka monta päivää olet ollut poissa töistä terveydentilasi vuoksi viimeksi kuluneen puolen vuoden aikana? (poissaoloja äitiysloman takia ei lasketa mukaan, työviikko yleensä 5 päivää)"	"1997,2000,2003,2006,2009,2012"	"factor"	"0,1-5,6-10,11-20,21 tai yli,888,999"	"0=0,1-5=1-5,6-10=6-10,11-20=11-20,21 tai yli=21 tai yli,888=EOS,999=EV,"	"0=6881,11-20=588,1-5=3756,21 tai yli=663,6-10=891,888=68,999=57,NA=0"	0
"G-vaara"	"v1"	"v1"	"tyoTapaturmaViim12kk"	"Onko sinulle viimeisten 12 kuukauden aikana sattunut tapaturmaa työssä tai matkalla kotoa työpaikalle tai takaisin (tapaturma = liittyy ainakin lievä itsensä loukkaaminen)"	"1997,2000,2003,2006,2009,2012"	"factor"	"1,2,8,9"	"1=ei,2=kyllä,8=EOS,9=EV"	"1=10747,2=1273,8=4,9=1,NA=879"	879
"G-vaara"	"v10"	"v10"	"tyoTapaturmaOmaRiski"	"Millaiseksi arvioisit tapaturmien sattumisriskin omassa työssäsi? Onko se"	"1997,2000,2003,2006,2009,2012"	"ordinal"	"1,2,3,4,5,8,9"	"1=lähes olematon,2=melko pieni,3=kohtalainen,4=melko suuri,5=erittäin suuri,8=EOS,9=EV"	"1=3439,2=4692,3=3217,4=1290,5=250,8=14,9=2,NA=0"	0
"G-vaara"	"v11_1"	"v11_1"	"vaaraTekijatEpäjärjestys"	"Aiheuttaako työpaikan epäjärjestys"	"1997,2000,2003,2006,2009"	"factor"	"1,2,3,8,9"	"1=ei juuri vaaraa,2=jonkin verran vaaraa,3=paljon vaaraa,8=EOS,9=EV"	"1=1780,2=1186,3=237,8=6,9=1,NA=9694"	9694
"G-vaara"	"v11_10"	"v11_10"	"vaaraTekijatTyoasennot"	"Aiheuttaako hankalat työasennot"	"1997,2000,2003,2006,2009"	"factor"	"1,2,3,8,9"	"1=ei juuri vaaraa,2=jonkin verran vaaraa,3=paljon vaaraa,8=EOS,9=EV"	"1=957,2=1779,3=465,8=9,NA=9694"	9694
"G-vaara"	"v11_13"	"v11_13"	"vaaraTekijatMuut"	"Aiheuttaako jokin muu vaaraa aiheuttava tekijä"	"1997,2000,2003,2006,2009"	"factor"	"1,2,3,8,9"	"1=ei juuri vaaraa,2=jonkin verran vaaraa,3=paljon vaaraa,8=EOS,9=EV"	"1=2243,2=648,3=217,8=35,NA=9761"	9761
"G-vaara"	"v11_2"	"v11_2"	"vaaraTekijatAhtaus"	"Aiheuttaako tilanahtaus"	"1997,2000,2003,2006,2009"	"factor"	"1,2,3,8,9"	"1=ei juuri vaaraa,2=jonkin verran vaaraa,3=paljon vaaraa,8=EOS,9=EV"	"1=1591,2=1364,3=249,8=6,NA=9694"	9694
"G-vaara"	"v11_3"	"v11_3"	"vaaraTekijatLiukkaus"	"Aiheuttaako liukkaus"	"1997,2000,2003,2006,2009"	"factor"	"1,2,3,8,9"	"1=ei juuri vaaraa,2=jonkin verran vaaraa,3=paljon vaaraa,8=EOS,9=EV"	"1=924,2=1555,3=731,8=1,NA=9693"	9693
"G-vaara"	"v11_4"	"v11_4"	"vaaraTekijatKiire"	"Aiheuttaako kiire"	"1997,2000,2003,2006,2009"	"factor"	"1,2,3,8,9"	"1=ei juuri vaaraa,2=jonkin verran vaaraa,3=paljon vaaraa,8=EOS,9=EV"	"1=607,2=1817,3=782,8=5,NA=9693"	9693
"G-vaara"	"v11_5"	"v11_5"	"vaaraTekijatValaistus"	"Aiheuttaako valaistusolosuhteet"	"1997,2000,2003,2006,2009"	"factor"	"1,2,3,8,9"	"1=ei juuri vaaraa,2=jonkin verran vaaraa,3=paljon vaaraa,8=EOS,9=EV"	"1=2168,2=880,3=160,8=3,NA=9693"	9693
"G-vaara"	"v11_6"	"v11_6"	"vaaraTekijatMelu"	"Aiheuttaako melu joka haittaa keskittymistä tai vaaran havaitsemista"	"1997,2000,2003,2006,2009"	"factor"	"1,2,3,8,9"	"1=ei juuri vaaraa,2=jonkin verran vaaraa,3=paljon vaaraa,8=EOS,9=EV"	"1=1964,2=1084,3=155,8=7,NA=9694"	9694
"G-vaara"	"v11_7"	"v11_7"	"vaaraTekijatKohdat"	"Aiheuttaako vaarakohtien suojaamattomuus (esimerkiksi kaiteet tai koneiden suojalaitteet)"	"1997,2000,2003,2006,2009"	"factor"	"1,2,3,8,9"	"1=ei juuri vaaraa,2=jonkin verran vaaraa,3=paljon vaaraa,8=EOS,9=EV"	"1=1960,2=964,3=271,8=14,NA=9695"	9695
"G-vaara"	"v11_8"	"v11_8"	"vaaraTekijatTyovalineet"	"Aiheuttaako huonokuntoiset tai työhön sopimattomat työvälineet tai -laitteet "	"1997,2000,2003,2006,2009"	"factor"	"1,2,3,8,9"	"1=ei juuri vaaraa,2=jonkin verran vaaraa,3=paljon vaaraa,8=EOS,9=EV"	"1=2195,2=779,3=228,8=8,NA=9694"	9694
"G-vaara"	"v11_9"	"v11_9"	"vaaraTekijatFyysinenRaskaus"	"Aiheuttaako fyysisesti raskas työ"	"1997,2000,2003,2006,2009"	"factor"	"1,2,3,8,9"	"1=ei juuri vaaraa,2=jonkin verran vaaraa,3=paljon vaaraa,8=EOS,9=EV"	"1=1167,2=1619,3=417,8=6,9=1,NA=9694"	9694
"G-vaara"	"v3_mod"	"v3j"	"tyoTapaturmastaJohtuvaPoissaolo"	"Aiheuttiko viimeisin työtapaturma työkyvyttömyyttä tai sairauslomaa (jos aiheutti työkyvyttömyyttä tai sairauslomaa, kuinka monta työpäivää olit pois työstä)"	"1997,2000,2003,2006,2009,2012"	"factor"	"1,3,4,5,6,7,8,88,99"	"1=ei aiheuttanut lainkaan (jatkoi työtä samana päivänä taii ei ollut poissa töistä yhtään päivää),3=alle 3 päivää,4=3-6 päivää,5=7-14 päivää,6=15-30 päivää,7=31-90 päivää,8=yli 90 päivää,88=EOS,99=EV"	"1=613,3=102,4=202,5=155,6=100,7=78,8=20,88=2,NA=11632"	11632
"G-vaara"	"v7a"	"v7a"	"uhkailuTyopaikalla"	"Oletko työssä tai matkalla töihin tai töistä pois joutunut viimeisten 12 kuukauden aikana uhkailun kohteeksi"	"2006,2009,2012"	"factor"	"1,2,8,9"	"1=ei,2=kyllä,8=EOS,9=EV"	"1=5217,2=315,NA=7372"	7372
"G-vaara"	"v7b"	"v7b"	"vakivaltaTyopaikalla"	"Oletko työssä tai matkalla töihin tai töistä pois joutunut viimeisten 12 kuukauden aikana fyysisen väkivallan, kuten kiinnipitämisen tai tönimisen kohteeksi"	"2006,2009,2012"	"factor"	"1,2,8,9"	"1=ei,2=kyllä,8=EOS,9=EV"	"1=5352,2=180,NA=7372"	7372
"J-johtaminen"	"j1"	"j1"	"stressiKokemus"	"Stressillä tarkoitetaan tilannetta, jossa ihminen tuntee itsensä jännittyneeksi, levottomaksi, hermostuneeksi tai ahdistuneeksi taikka hänen on vaikea nukkua asioiden vaivatessa jatkuvasti mieltä. Tunnetko sinä nykyisin tällaista stressiä"	"1997,2000,2003,2006,2009"	"ordinal"	"1,2,3,4,5,8,9"	"1=ei lainkaan,2=vain vähän,3=jonkin verran,4=melko paljon,5=erittäin paljon,8=EOS,9=EV"	"1=3867,2=3701,3=3857,4=1146,5=316,8=11,9=6,NA=0"	0
"J-johtaminen"	"j10"	"j10"	"hloKoulutusJarjestelyt"	"Onko henkilöstön koulutus järjestetty työpaikallasi yleisesti ottaen"	"2006,2009,2012"	"factor"	"1,2,3,4,5,8,9"	"1=työpaikalla ei tarvetta koulutukseen,2=erittäin hyvin,3=melko hyvin,4=melko heikosti,5=erittäin heikosti,8=EOS,9=EV"	"1=158,2=654,3=2550,4=970,5=295,8=76,9=6,NA=8195"	8195
"J-johtaminen"	"j11"	"j11"	"vaikutusMahdollisuudetAsiat"	"Voitko vaikuttaa itseäsi koskeviin asioihin työpaikallasi"	"1997,2000,2003,2006,2009,2012"	"ordinal"	"1,2,3,4,5,8,9"	"1=erittäin paljon,2=melko paljon,3=jonkin verran,4=melko vähän,5=erittäin vähän,8=EOS,9=EV"	"1=2671,2=4380,3=4214,4=1254,5=360,8=24,9=1,NA=0"	0
"J-johtaminen"	"j12"	"j12"	"vaikutusMahdollisuudetTyojarjestys"	"Voitko vaikuttaa siihen järjestykseen, missä teet työsi"	"1997,2000,2003,2006"	"ordinal"	"1,2,3,4,5,8,9"	"1=erittäin paljon,2=melko paljon,3=jonkin verran,4=melko vähän,5=erittäin vähän,8=EOS,9=EV"	"1=2601,2=2939,3=1859,4=806,5=501,8=14,9=2,NA=4182"	4182
"J-johtaminen"	"j13"	"j13"	"vaikutusMahdollisuudetTyomaara"	"Voitko vaikuttaa työmäärääsi"	"1997,2000,2003,2006,2009,2012"	"ordinal"	"1,2,3,4,5,8,9"	"1=erittäin paljon,2=melko paljon,3=jonkin verran,4=melko vähän,5=erittäin vähän,8=EOS,9=EV"	"1=1444,2=2508,3=3616,4=2816,5=2478,8=38,9=4,NA=0"	0
"J-johtaminen"	"j14"	"j14"	"vaikutusMahdollisuudetTyopaiva"	"Voitko säädellä työpäiväsi pituutta (liukumat, tuntien tekeminen toisena päivänä yms.)"	"1997,2000,2003,2006,2009,2012"	"ordinal"	"1,2,3,4,5,8,9"	"1=erittäin paljon,2=melko paljon,3=jonkin verran,4=melko vähän,5=erittäin vähän,8=EOS,9=EV"	"1=2225,2=2591,3=3168,4=1605,5=3287,8=25,9=3,NA=0"	0
"J-johtaminen"	"j16"	"j16"	"tiedonkulku"	"Onko tiedonkulku työpaikallasi mielestäsi"	"1997,2000,2003,2006"	"ordinal"	"1,2,3,4,8,9"	"1=täysin riittävää,2=melko riittävää,3=melko riittämätöntä,4=täysin riittämätöntä,8=EOS,9=EV"	"1=1399,2=4512,3=1827,4=343,8=27,9=3,NA=4793"	4793
"J-johtaminen"	"j16b"	"j16b"	"tiimiTyo"	"Työskenteletkö pysyvässä työryhmässä, jolla on yhteinen tehtävä, ja jolla on mahdollisuus suunnitella itse työtään ja päättää keskinäisestä työnjaosta"	"2000,2003,2006,2009,2012"	"factor"	"1,2,3,8,9"	"1=ei ollenkaan,2=osittain tai tilapäisesti,3=kyllä pääasiallisesti,8=EOS,9=EV"	"1=1921,2=2684,3=3824,8=62,9=42,NA=4371"	4371
"J-johtaminen"	"j18"	"j18"	"tyokavereidenHenkilosuhteet"	"Ovatko työtovereiden välit työpaikallasi yleisesti ottaen"	"1997,2000,2003,2006,2009,2012"	"ordinal"	"1,2,3,4,5,8,9"	"1=erittäin hyvät,2=kohtalaisen hyvät,3=ei hyvät mutta ei huonotkaan,4=hiukan ongelmalliset,5=huonot (kireät tai kaunaiset tms.),8=EOS,9=EV"	"1=3789,2=5903,3=1161,4=812,5=85,8=60,9=13,NA=1081"	1081
"J-johtaminen"	"j19"	"j19"	"vertaisTuki"	"Saatko tarvitessasi tukea ja apua työtovereiltasi"	"1997,2000,2003,2006,2009,2012"	"ordinal"	"1,2,3,4,5,8,9"	"1=erittäin paljon,2=melko paljon,3=jonkin verran,4=melko vähän,5=erittäin vähän,8=EOS,9=EV"	"1=4214,2=4713,3=2213,4=433,5=170,8=71,9=9,NA=1081"	1081
"J-johtaminen"	"j2"	"j2"	"kiireFreq"	"Kuinka usein sinun täytyy kiirehtiä saadaksesi työsi tehtyä"	"1997,2000,2003,2006,2009,2012"	"ordinal"	"1,2,3,4,5,8,9"	"1=ei koskaan,2=melko harvoin,3=silloin tällöin,4=melko usein,5=hyvin usein,8=EOS,9=EV"	"1=556,2=2012,3=4338,4=3818,5=2163,8=13,9=4,NA=0"	0
"J-johtaminen"	"j20"	"j20"	"esimiesTuki"	"Saatko tarvitessasi tukea ja apua esimieheltäsi"	"1997,2000,2003,2006,2009,2012"	"factor"	"1,2,3,4,5,6,8,9"	"1=erittäin paljon,2=melko paljon,3=jonkin verran,4=melko vähän,5=erittäin vähän,6=ei esimiestä,8=EOS,9=EV"	"1=2557,2=3942,3=2856,4=1009,5=520,6=24,8=128,9=6,NA=1862"	1862
"J-johtaminen"	"j21b"	"j21b"	"onkoEsimiesOikeudenTasapuolinen"	"Kohteleeko lähin esimiehesi työntekijöitä oikeudenmukaisesti ja tasapuolisesti"	"2003,2006,2009,2012"	"ordinal"	"1,2,3,4,5,8,9"	"1=aina,2=hyvin usein,3=melko usein,4=melko harvoin,5=ei koskaan,8=EOS,9=EV"	"1=2068,2=2261,3=2137,4=662,5=99,8=133,9=18,NA=5526"	5526
"J-johtaminen"	"j22"	"j22"	"ilmapiiriJannitys"	"Onko työpaikkasi ilmapiiri jännittynyt ja kireä vai vapautunut ja mukava?"	"1997,2000,2003,2006,2009,2012"	"factor"	"1,2,8,9"	"1=enemmän jännittynyt ja kireä,2=enemmän vapautunut ja mukava,8=EOS,9=EV"	"1=2016,2=8737,8=204,9=13,NA=1934"	1934
"J-johtaminen"	"j23"	"j23"	"ilmapiiriKannustus"	"Onko työpaikkasi ilmapiiri enemmän kannustava ja uusia ideoita tukeva vai enemmän ennakkoluuloinen ja vanhoista kaavoista kiinni pitävä?"	"1997,2000,2003,2006,2009,2012"	"factor"	"1,2,8,9"	"1=enemmän kannustava ja uusia ideoita tukeva,2=enemmän ennakkoluuloinen ja vanhoista kaavoista kiinni pitävä,8=EOS,9=EV"	"1=6903,2=3691,8=360,9=16,NA=1934"	1934
"J-johtaminen"	"j24"	"j24"	"onkoTavoiteKokouksia"	"Keskustellaanko työpaikallasi yhteisesti työtehtävistä, tavoitteista ja niiden saavuttamisesta, viralliset tai epävirallisemmat kokoukset"	"1997,2000,2003,2006,2009,2012"	"ordinal"	"1,2,3,4,8,9"	"1=täysin riittävää,2=melko riittävää,3=melko riittämätöntä,4=täysin riittämätöntä,8=EOS,9=EV"	"1=2916,2=4920,3=1904,4=488,8=64,9=5,NA=2607"	2607
"J-johtaminen"	"j24b"	"j24b"	"tyonTavoitteet"	"Onko työlläsi selkeät tavoitteet"	"2003,2006,2009,2012"	"factor"	"1,2,3,4,5,8,9"	"1=aina,2=hyvin usein,3=melko usein,4=melko harvoin,5=ei koskaan,8=EOS,9=EV"	"1=4618,2=1901,3=1870,4=258,5=40,8=49,9=1,NA=4167"	4167
"J-johtaminen"	"j25"	"j25"	"henkinenVakivalta"	"Henkisellä väkivallalla tarkoitetaan jatkuvaa, toistuvaa kiusaamista, sortamista tai loukkaavaa kohtelua. Oletko aiemmin tuntenut olevasi tai oletko tällä hetkellä henkisen väkivallan ja kiusaamisen kohteena omassa työssäsi? voi tulla työpaikalta tai esim. asiakkaiden, oppilaiden tai potilaiden taholta"	"1997,2000,2003,2006,2009,2012"	"factor"	"1,2,3,8,9"	"1=kyllä tällä hetkellä,2=kyllä aiemmin ei enää,3=ei koskaan,8=EOS,9=EV"	"1=526,2=997,3=10905,8=18,9=4,NA=454"	454
"J-johtaminen"	"j26"	"j26"	"sukupuolinenHairinta"	"Onko sinuun kohdistunut työssäsi viimeksi kuluneen 12 kuukauden aikana sukupuolista häirintää (Tarkoitetaan sellaista toimintaa, jota ei ole itse aiheuttanut tai halunnut, kuten seksistiset vitsit tai huomautukset, vihjailevat katseet tai eleet, koskettelu tai nipistely. voi tulla työpaikalta tai esim. asiakkaiden taholta)"	"1997,2000,2003,2006,2009,2012"	"factor"	"1,2,3,4,8,9"	"1=ei viim 12 kk aikana,2=viikoittain,3=kerran pari kuussa,4=harvemmin,8=EOS,9=EV"	"1=11392,2=32,3=46,4=127,8=7,9=5,NA=1295"	1295
"J-johtaminen"	"j27"	"j27"	"sukupuolienTasapuolinenKohtelu"	"Kohdellaanko työpaikallasi miehiä ja naisia"	"1997,2000,2003,2006,2009,2012"	"factor"	"1,2,3,4,5,8,9"	"1=täysin tasapuolisesti,2=melko tasapuolisesti,3=melko epätasapuolisesti,4=erittäin epätasapuolisesti,5=työpaikalla on pelkästään naisia tai miehiä,8=EOS,9=EV"	"1=5589,2=2520,3=498,4=152,5=1907,8=143,9=11,NA=2084"	2084
"J-johtaminen"	"j28"	"j28"	"sukupuolisenSyrjinnanPainotus"	"Kohdistuuko epätasapuolisuus, kohdellaanko miehiä vai naisia huonommin"	"2000,2003,2006,2009,2012"	"factor"	"1,2,3,8,9"	"1=miehiin,2=naisiin,3=molempia edellä olevia esiintyy,8=EOS,9=EV"	"1=176,2=1789,3=386,8=132,9=1,NA=10420"	10420
"J-johtaminen"	"j29"	"j29"	"eriIkaistenTasapuolinenKohtelu"	"Kohdellaanko työpaikallasi eri-ikäisiä"	"1997,2000,2003,2006,2009,2012"	"factor"	"1,2,3,4,5,8,9"	"1=täysin tasapuolisesti,2=melko tasapuolisesti,3=melko epätasapuolisesti,4=erittäin epätasapuolisesti,5=työpaikalla on vain melko samanikäisiä henkilöitä,8=EOS,9=EV"	"1=6547,2=3108,3=502,4=85,5=432,8=120,9=11,NA=2099"	2099
"J-johtaminen"	"j30"	"j30"	"ikaSyrjinnanPainotus"	"Kohdistuuko epätasapuolisuus Kohdellaanko nuorempia vai vanhempia huonommin"	"2000,2003,2006,2009,2012"	"factor"	"1,2,3,8,9"	"1=nuorempiin,2=vanhempiin,3=molempia edellä olevia esiintyy,8=EOS,9=EV"	"1=1095,2=1120,3=553,8=159,9=3,NA=9974"	9974
"J-johtaminen"	"j30b"	"j30b"	"kokemusKertyma"	"Onko iän myötä kertyvästä kokemuksesta sinun työssäsi hyötyä "	"2000,2003,2006"	"ordinal"	"1,2,3,4,5,8,9"	"1=erittäin paljon,2=melko paljon,3=jonkin verran,4=hyvin vähän,5=ei lainkaan,8=EOS,9=EV"	"1=3366,2=2324,3=674,4=148,5=57,8=16,9=1,NA=6318"	6318
"J-johtaminen"	"j30c"	"j30c"	"ianTuomatOngelmat"	"Koetko tai arveletko ikääntymisen tuovan mukanaan joitain ongelmia sinun työssäsi"	"2000,2003,2006"	"ordinal"	"1,2,3,4,5,8,9"	"1=erittäin paljon,2=melko paljon,3=jonkin verran,4=hyvin vähän,5=ei lainkaan,8=EOS,9=EV"	"1=247,2=940,3=3165,4=1337,5=852,8=43,9=2,NA=6318"	6318
"J-johtaminen"	"j32"	"j32"	"tyoTyytyvaisyys"	"Kuinka tyytyväinen olet nykyiseen / olit viimeisimpään työhösi?"	"1997,2000,2003,2006,2009,2012"	"factor"	"1,2,3,4,5,8,9"	"1=erittäin tyytyväinen,2=melko tyytyväinen,3=ei tyytyväinen mutta ei tyytymätönkään,4=melko tyytymätön,5=erittäin tyytymätön,8=EOS,9=EV"	"1=3525,2=7304,3=1509,4=438,5=113,8=9,9=6,NA=0"	0
"J-johtaminen"	"j33"	"J33"	"tyytyvaisyysElamaan"	"Kuinka tyytyväinen olet elämääsi nykyisin?"	"1997,2000,2003,2009,2012"	"ordinal"	"1,2,3,4,5,8,9"	"1=erittäin tyytyväinen,2=melko tyytyväinen,3=en tyytyväinen enkä tyytymätön,4=melko tyytymätön,5=erittäin tyytymätön,8=EOS,9=EV"	"1=3255,2=4817,3=583,4=156,5=31,8=4,9=2,NA=4056"	4056
"J-johtaminen"	"j35"	"j35"	"johdonHuolenpito"	"Kuinka kiinnostunut työpaikkasi johto on henkilöstön terveydestä ja hyvinvoinnista"	"2003,2006,2009,2012"	"ordinal"	"1,2,3,4,5,8,9"	"1=erittäin paljon,2=melko paljon,3=jonkin verran,4=hyvin vähän,5=ei lainkaan,8=EOS,9=EV"	"1=1374,2=2819,3=2340,4=836,5=210,8=171,9=9,NA=5145"	5145
"J-johtaminen"	"j36"	"j36"	"kielteisetTunteet"	"Kuinka usein joudut työssäsi tilanteisiin, jotka herättävät sinussa kielteisiä tunteita kuten suuttumusta, vihaa, pelkoa tai häpeää"	"2003,2006,2009,2012"	"ordinal"	"1,2,3,4,5,8,9"	"1=ei juuri koskaan,2=melko harvoin,3=silloin tällöin,4=melko usein,5=jatkuvasti,8=EOS,9=EV"	"1=2004,2=2683,3=2457,4=533,5=97,8=13,9=2,NA=5115"	5115
"J-johtaminen"	"j37"	"j37"	"ammatillisetKehitysMahdollisuudet"	"Millaiset mahdollisuudet sinulla on nykyisessä työpaikassasi kehittää itseäsi ammatillisesti"	"2006,2009,2012"	"factor"	"1,2,3,8,9"	"1=hyvät,2=jonkinlaiset,3=heikot,8=EOS,9=EV"	"1=2320,2=2191,3=904,8=46,9=2,NA=7441"	7441
"J-johtaminen"	"j38"	"j38"	"lisaKoulutusTarve"	"Onko sinulla nykyisissä työtehtävissäsi tarvetta lisäkoulutukseen"	"2000,2003,2006"	"factor"	"1,2,3,8,9"	"1=ei ollenkaan,2=jonkin verran,3=paljon,8=EOS,9=EV"	"1=1387,2=3951,3=1234,8=13,9=1,NA=6318"	6318
"J-johtaminen"	"j3b"	"j3b"	"tyonKeskeytysFreq"	"Joudutko keskeyttämään meneillään olevan tehtävän suorittamisen muiden väliin tulevien asioiden tai kiireisempien asioiden takia"	"2003,2006,2009,2012"	"ordinal"	"1,2,3,4,5,8,9"	"1=ei koskaan,2=melko harvoin,3=silloin tällöin,4=melko usein,5=jatkuvasti,8=EOS,9=EV"	"1=778,2=1036,3=2540,4=2238,5=1190,8=6,9=1,NA=5115"	5115
"J-johtaminen"	"j4"	"j4"	"henkinenKuormitus"	"Onko / Oliko viimeisin työsi henkisesti (myös sosiaalinen kuormitus)"	"1997,2000,2003,2006,2009,2012"	"ordinal"	"1,2,3,4,5,8,9"	"1=kevyttä,2=melko kevyttä,3=jonkin verran rasittavaa,4=melko rasittavaa,5=hyvin rasittavaa,8=EOS,9=EV"	"1=1078,2=2339,3=5101,4=3506,5=854,8=24,9=2,NA=0"	0
"J-johtaminen"	"j41"	"j41"	"tarmonKokemusFreq"	"Kuinka usein tunnet itsesi vahvaksi ja tarmokkaaksi työssäsi, riittää, jos vahva tai tarmokas viime aikoina, jos vaihtelee paljon, EOS"	"2006,2009,2012"	"ordinal"	"1,2,3,4,8,9"	"1=päivittäin,2=muutaman kerran viikossa / kerran viikossa,3=muutaman kerran kuussa / kerran kuussa,4=vuosittain / ei koskaan,8=EOS,9=EV"	"1=2576,2=3209,3=442,4=121,8=62,9=1,NA=6493"	6493
"J-johtaminen"	"j42"	"j42"	"innonKokemusFreq"	"Kuinka usein olet innostunut työstäsi?  viime aikoina, jos vaihtelee paljon, EOS"	"2006,2009,2012"	"ordinal"	"1,2,3,4,8,9"	"1=päivittäin,2=muutaman kerran viikossa / kerran viikossa,3=muutaman kerran kuussa / kerran kuussa,4=vuosittain / ei koskaan,8=EOS,9=EV"	"1=2517,2=3109,3=592,4=151,8=41,9=1,NA=6493"	6493
"J-johtaminen"	"j43"	"j43"	"tyytyvaisyysKokemusFreq"	"Kuinka usein tunnet tyydytystä, kun olet syventynyt työhösi? viime aikoina, jos vaihtelee paljon, EOS"	"2006,2012"	"ordinal"	"1,2,3,4,8,9"	"1=päivittäin,2=muutaman kerran viikossa / kerran viikossa,3=muutaman kerran kuussa / kerran kuussa,4=vuosittain / ei koskaan,8=EOS,9=EV"	"1=1622,2=2033,3=274,4=75,8=50,9=2,NA=8848"	8848
"J-johtaminen"	"j47_mod"	"j47"	"maahanmuuttajienKohtelu"	"Kohdellaanko työpaikallasi maahanmuuttajia verrattuna muihin työntekijöihin (muut työntekijät = valtaväestöön kuuluvia eli suomalaisia)"	"2006,2009,2012"	"ordinal"	"1,2,3,8,9"	"1=täysin tasapuolisesti,2=melko tasapuolisesti,3=melko tai erittäin epätasapuolisesti,8=EOS,9=EV"	"1=1168,2=519,3=42,8=79,NA=11096"	11096
"J-johtaminen"	"j7"	"j7"	"tyonVaihtelevuus"	"Onko työsi "	"1997,2000,2003,2006"	"ordinal"	"1,2,3,4,5,8,9"	"1=erittäin vaihtelevaa,2=melko vaihtelevaa,3=jonkin verran vaihtelevaa,4=melko yksitoikkoista,5=erittäin yksitoikkoista,8=EOS,9=EV,"	"1=1934,2=4703,3=1508,4=505,5=67,8=5,NA=4182"	4182
"L-tyoterveys"	"l1"	"l1j"	"tyoterveysPalveluntarjoajaTyyppi"	"Missä seuraavista työterveyshuoltosi on järjestetty (nykyinen työterveyshuolto)"	"1997,2000,2003,2006,2009,2012"	"factor"	"1,2,3,4,5,6,7,8,9"	"1=yrityksen tai työpaikan oma työterveysasema tai sairaalan oma tai vain tietylle työpaikalle avoinna,2=terveyskeskus tai kaupungin henkilöstön työterveysasema (myös liikelaitos),3=yksityinen lääkärikeskus,4=työnantajien yhteinen työterveysasema (Työterveys ry:t),5=Medivire (ent. valtion alueelliset työterveysasemat tai VK työterveys),6=jossakin muualla,7=on järjestetty mutta ei tiedä missä,8=EOS,9=EV,"	"1=2334,2=3953,3=3796,4=637,5=19,6=217,7=1761,8=167,NA=20"	20
"L-tyoterveys"	"l10"	"l10"	"tthTyoOloKaynnitTyopaikallaViime36kk"	"Onko joku työterveyshuollon henkilöstöstä, esimerkiksi lääkäri, työterveyshoitaja tai fysioterapeutti käynyt työpaikallasi perehtymässä työoloihisi viimeisen 3 vuoden aikana (myös edellisten työterveyshuoltojen käynnit ja edellisillä työpaikoilla)"	"1997,2000,2003,2006,2009,2012"	"factor"	"1,2,8,9"	"1=ei,2=kyllä,8=EOS,9=EV"	"1=4097,2=5632,8=372,9=5,NA=2798"	2798
"L-tyoterveys"	"l12_1"	"l12_1"	"ilmapiiriKyselyViime12kk"	"Onko työpaikallasi järjestetty 3 vuoden sisällä työilmapiirikyselyä joka on kohdistunut myös haastateltavan työyksikköön"	"2003,2006,2009"	"factor"	"1,2,8,9"	"1=ei,2=kyllä,8=EOS,9=EV"	"1=1395,2=3627,8=252,9=38,NA=7592"	7592
"L-tyoterveys"	"l12_2"	"l12_2"	"tyoYhteisonKehittamishViime36kk"	"Onko työpaikallasi järjestetty 3 vuoden sisällä työyhteisön kehittämishanketta"	"2003,2006,2009"	"factor"	"1,2,8,9"	"1=ei,2=kyllä,8=EOS,9=EV"	"1=2052,2=2821,8=401,9=38,NA=7592"	7592
"L-tyoterveys"	"l16"	"l16_vanha"	"tthOhjeistusElintavat"	"Oletko saanut työterveyshenkilöstöltä ohjeita tai tietoa ravinnosta, liikunnasta, tupakoinnista, alkoholinkäytöstä tai henkisestä hyvinvoinnista (myös edellisten työterveyshuoltojen antama ohjaus)"	"2000,2003,2006,2009"	"factor"	"1,2,8,9"	"1=ei,2=kyllä,8=EOS,9=EV"	"1=2938,2=4701,8=35,9=3,NA=5227"	5227
"L-tyoterveys"	"l1a"	"l1a"	"onkoTyoterveyshuolto"	"Onko työpaikallesi järjestetty työterveyshuolto? Onko työpaikkasi työntekijöillä työterveyshuoltopalvelut joko omalla työpaikalla tai jossakin muualla, esimerkiksi terveyskeskuksessa tai lääkärikeskuksessa? työterveyshuoltoa ei ole, jos vain saa käydä terveyskeskuksessa tavallisella lääkärillä eikä terveyskeskuksen työterveyshuollossa"	"1997,2000,2003,2006,2009,2012"	"factor"	"1,2,8,9"	"1=ei,2=kyllä,8=EOS,9=EV"	"1=1761,2=10990,8=149,9=4,NA=0"	0
"L-tyoterveys"	"l1b"	"l1b"	"tyoterveysSijainti"	"Sijaitseeko työterveyshuolto samassa kunnassa missä asut (nykyinen työterveyshuolto)"	"2000,2003,2006"	"factor"	"1,2,8,9"	"1=ei,2=kyllä,8=EOS,9=EV"	"1=1582,2=4066,8=12,9=1,NA=7243"	7243
"L-tyoterveys"	"l2"	"l2"	"sisaltaakoSairaanhoidon"	"Voitko hakeutua myös sairauksien takia työterveyslääkärin tai työterveyshoitajan vastaanotolle (tarkoitetaan työnantajan kustantamaa ensisijaisesti lääkärin antamaa hoitoa sairauteen liittyen, esim. flunssan, selkävaivojen, verenpainetaudin hoito)"	"1997,2000,2003,2006,2009,2012"	"factor"	"1,2,8,9"	"1=ei,2=kyllä,8=EOS,9=EV"	"1=699,2=9981,8=315,9=4,NA=1905"	1905
"L-tyoterveys"	"l20aa"	"l20aa"	"tthOhjeistusTyotavatMaara"	"Oletko saanut työterveyshenkilöstöltä työskentelytapoja, työasentoja tai työvälineitä koskevaa tietoa tai ohjausta (myös edellisten työterveyshuoltojen antama ohjaus)"	"2006,2009,2012"	"factor"	"1,2,3,4,8,9"	"1=riittävästi,2=liian vähän,3=ei lainkaan,4=etkö ole tarvinnutkaan tietoa,8=EOS,9=EV"	"1=2480,2=465,3=763,4=994,8=17,NA=8185"	8185
"L-tyoterveys"	"l20aa"	"l20aa_vanha"	"tthOhjeistusTyotavat"	"Oletko saanut työterveyshenkilöstöltä työskentelytapoja, työasentoja tai työvälineitä koskevaa tietoa tai ohjausta (myös edellisten työterveyshuoltojen antama ohjaus)"	"1997,2000,2003,2006,2009,2012"	"factor"	"1,2,8,9"	"1=ei,2=kyllä,8=EOS,9=EV"	"1=4143,2=6061,8=43,9=3,NA=2654"	2654
"L-tyoterveys"	"l21"	"l21"	"tthTukiTyokyky"	"Oletko saanut työterveyshuollon kautta tukea työkykysi ylläpitämiseen mielestäsi (myös edellisten työterveyshuoltojen antama tuki)"	"1997,2000,2003,2006,2009,2012"	"factor"	"1,2,3,4,8,9"	"1=riittävästi,2=liian vähän,3=ei lainkaan,4=etkö ole tarvinnutkaan tietoa,8=EOS,9=EV"	"1=4949,2=1170,3=918,4=3872,8=72,9=7,NA=1916"	1916
"L-tyoterveys"	"l22"	"l22"	"tthTyytyvaisyys"	"Kuinka tyytyväinen kaiken kaikkiaan olet työpaikkasi työterveyshuollon toimintaan? Onko sen toiminta"	"1997,2000,2003,2006,2009,2012"	"ordinal"	"1,2,3,4,5,8,9"	"1=kiitettävää,2=hyvää,3=tyydyttävää,4=välttävää,5=huonoa,8=EOS,9=EV"	"1=2698,2=4964,3=1914,4=584,5=239,8=578,9=12,NA=1915"	1915
"L-tyoterveys"	"l23_a"	"l23_a"	"tthPuolueettomuus"	"Entä työterveyshuollon puolueettomuus suhteessa työnantajaan ja työntekijään, onko se"	"2000,2003,2006,2009"	"ordinal"	"1,2,3,4,5,8,9"	"1=kiitettävää,2=hyvää,3=tyydyttävää,4=välttävää,5=huonoa,8=EOS,9=EV"	"1=2334,2=2973,3=987,4=271,5=116,8=981,9=15,NA=5227"	5227
"L-tyoterveys"	"l23_b"	"l23_b"	"tthLuottamuksellisuus"	"Työterveyshuollon toiminnan luottamuksellisuus ja henkilökohtaisten tietojesi salassapysyminen, onko se"	"2000,2003,2006,2009,2012"	"ordinal"	"1,2,3,4,5,8,9"	"1=kiitettävää,2=hyvää,3=tyydyttävää,4=välttävää,5=huonoa,8=EOS,9=EV"	"1=4441,2=2651,3=387,4=94,5=67,8=830,9=9,NA=4425"	4425
"L-tyoterveys"	"l3_2_mod"	"l3_2"	"kayntiTyoterveyslaakari"	"Kuinka monta kertaa kävit viimeisen puolen vuoden aikana työterveyslääkärillä? Mukaan EI lasketa terveystarkastuksia tai hammaslääkärikäyntejä, eikä kertoja, jolloin olet ollut sairaalassa vuodepotilaana. Naisille raskauteen liittyvät käynnit lasketaan mukaan."	"1997,2000,2003,2006,2009,2012"	"factor"	"0,1,88,99"	"0=ei,1=kyllä,88=EOS,99=ei vastausta"	"0=7733,1=4178,88=39,99=1,NA=953"	953
"L-tyoterveys"	"l3_3_mod"	"l3_3"	"kayntiTerveyskeskuslaakari"	"Kuinka monta kertaa kävit viimeisen puolen vuoden aikana terveyskeskuslääkärillä (ei työterveyshuollossa)? Mukaan EI lasketa terveystarkastuksia tai hammaslääkärikäyntejä, eikä kertoja, jolloin olet ollut sairaalassa vuodepotilaana. Naisille raskauteen liittyvät käynnit lasketaan mukaan."	"1997,2000,2003,2006,2009,2012"	"factor"	"0,1,88,99"	"0=ei,1=kyllä,88=EOS,99=ei vastausta"	"0=9065,1=2840,88=46,99=1,NA=952"	952
"L-tyoterveys"	"l3_4_mod"	"l3_4"	"kayntiYksityslaakari"	"Kuinka monta kertaa kävit viimeisen puolen vuoden aikana yksityislääkärillä? Mukaan EI lasketa terveystarkastuksia tai hammaslääkärikäyntejä, eikä kertoja, jolloin olet ollut sairaalassa vuodepotilaana. Naisille raskauteen liittyvät käynnit lasketaan mukaan."	"1997,2000,2003,2006,2009,2012"	"factor"	"0,1,88,99"	"0=ei,1=kyllä,88=EOS,99=ei vastausta"	"0=10007,1=1888,88=56,99=1,NA=952"	952
"L-tyoterveys"	"l3_5_mod"	"l3_5"	"kayntiaSairaalaPolikLaakari"	"Kuinka monta kertaa kävit viimeisen puolen vuoden aikana sairaalan poliklinikan lääkärillä? Mukaan EI lasketa terveystarkastuksia tai hammaslääkärikäyntejä, eikä kertoja, jolloin olet ollut sairaalassa vuodepotilaana. Naisille raskauteen liittyvät käynnit lasketaan mukaan."	"1997,2000,2003,2006,2009,2012"	"factor"	"0,1,88,99"	"0=ei,1=kyllä,88=EOS,99=ei vastausta"	"0=10672,1=1225,88=54,99=1,NA=952"	952
"L-tyoterveys"	"l3_6_mod"	"l3_6"	"kayntiMuutLaakarit"	"Kuinka monta kertaa kävit viimeisen puolen vuoden aikana jollakin muulla lääkärillä. Mukaan EI lasketa terveystarkastuksia tai hammaslääkärikäyntejä, eikä kertoja, jolloin olet ollut sairaalassa vuodepotilaana. Naisille raskauteen liittyvät käynnit lasketaan mukaan."	"1997,2000,2003,2006,2009,2012"	"factor"	"0,1,88,99"	"0=ei,1=kyllä,88=EOS,99=ei vastausta"	"0=11600,1=278,88=73,99=1,NA=952"	952
"L-tyoterveys"	"l3j_mod"	"l3j"	"kayntiLukumaaraTTSumma"	"Kuinka monta kertaa kävit viimeisen puolen vuoden aikana lääkärissä yhteensä. Mukaan EI lasketa terveystarkastuksia tai hammaslääkärikäyntejä, eikä kertoja, jolloin olet ollut sairaalassa vuodepotilaana. Naisille raskauteen"	"1997,2000,2003,2006,2009,2012"	"factor"	"0,1,2,3,4,5,6,7,8,9,10 tai yli"	"unit=Käyntiä"	"0=4512,1=2846,10 tai yli=307,2=1872,3=1004,4=536,5=403,6=255,7=114,8=69,9=25,NA=961"	961
"L-tyoterveys"	"l5mod"	"l5"	"tthKayntiMaaraViime6kk"	"Montako kertaa olet käynyt omaan terveyteesi tai sairauksiisi  liittyvän asian takia työterveyshoitajan vastaanotolla viimeisen puolen vuoden aikana? Mukaan ei lasketa terveystarkastuksia, joista kysyttiin edellä (myös edellisissä työterveyshuolloissa käynnit, jos 6 kk sisällä)"	"1997,2000,2003,2006"	"factor"	"0,1,2,3,4-5,6 tai yli"	"unit=Käynnit,88=EOS,99=EV"	"0=5012,1=1268,2=584,3=228,4-5=172,6 tai yli=142,88=17,99=2,NA=5479"	5479
"L-tyoterveys"	"l7ua"	"l7ua"	"tthTerveysTarkastusViime36kk"	"Onko sinulle tehty terveystarkastusta työterveyshuollossa viimeisen 3 vuoden aikana (myös edellisten työterveyshuoltojen tekemät)"	"1997,2000,2003,2006,2009,2012"	"factor"	"1,2,8,9"	"1=ei,2=kyllä,8=EOS,9=EV"	"1=3569,2=6525,8=163,NA=2647"	2647
"L-tyoterveys"	"l8mod"	"l8"	"sairausPoissaOloLupa"	"Montako päivää voit olla sairauden vuoksi pois töistä ilman terveydenhoitajan tai lääkärin antamaa todistusta (tällä hetkellä, yhtäjaksoisesti)"	"1997,2000,2003,2006"	"factor"	"0,1,2,3,4,5 tai yli,50,88,99"	"0-4=päivien lukumäärä,5 tai yli=päivien lukumäärä,50=ei tarvitse lainkaan todistusta,88=EOS,99=EV"	"0=2118,1=367,2=599,3=3230,4=30,50=267,5 tai yli=122,88=801,99=1,NA=5369"	5369
